1567068324355,-0.38,8.89,0.11
1567068324375,-0.15,8.81,-0.15
1567068324395,-0.11,8.78,-0.19
1567068324415,-0.11,8.62,-0.23
1567068324435,-0.19,8.62,-0.31
1567068324456,-0.11,8.58,0
1567068324476,-0.27,8.39,-0.04
1567068324496,-0.04,8.35,-0.11
1567068324516,0.08,8.43,-0.23
1567068324536,0.27,8.47,0.54
1567068324556,0.11,8.89,-0.08
1567068324576,0.19,8.97,-0.19
1567068324597,0.19,9.04,0.31
1567068324617,0.31,10.38,0.11
1567068324637,0.11,10.58,-0.31
1567068324658,-0.15,9.5,0.42
1567068324678,0.46,9.92,-0.23
1567068324698,1.11,9.35,-0.19
1567068324718,1.3,9.62,-0.61
1567068324738,1,9.47,-0.5
1567068324758,0.57,9.31,-0.65
1567068324778,0.31,9.31,-0.73
1567068324798,0.34,8.47,-1
1567068324818,0.8,8.2,-0.77
1567068324838,1.23,7.89,-0.8
1567068324858,1.42,7.86,-1.15
1567068324878,1.19,8.09,-1.03
1567068324898,1.46,8.28,-0.92
1567068324918,1.46,8.78,-1
1567068324938,1.57,9.12,-1.03
1567068324958,1.49,9.2,-0.88
1567068324978,1.3,8.97,-0.65
1567068324998,1.42,9.27,-0.84
1567068325018,1.34,8.97,-0.77
1567068325038,1.69,9.16,-0.61
1567068325058,1.84,9.04,-0.54
1567068325079,1.92,8.78,-0.61
1567068325100,1.57,8.58,-0.38
1567068325120,1.38,8.7,-0.5
1567068325141,1.3,8.39,-0.57
1567068325161,1.46,8.47,-0.31
1567068325181,1.53,8.58,-0.19
1567068325201,1.42,8.7,-0.38
1567068325221,1.34,8.55,-0.04
1567068325241,1.3,8.58,-0.31
1567068325261,1.19,8.74,0.34
1567068325281,1.15,8.55,0.15
1567068325301,0.92,8.74,-0.27
1567068325321,1.03,8.62,-0.19
1567068325341,1.11,8.51,-0.42
1567068325361,1.03,8.39,-0.38
1567068325382,0.88,8.24,-0.46
1567068325402,0.96,8.39,-0.65
1567068325423,0.84,8.35,-0.57
1567068325443,0.92,9.39,-0.42
1567068325463,0.96,10.65,-1
1567068325483,0.8,10.19,-0.61
1567068325503,0,9.31,-1.11
1567068325523,-1.88,8.24,-1.72
1567068325543,-2.34,8.7,-2.49
1567068325563,-1.38,10.27,-1.69
1567068325583,-0.27,9.89,-0.96
1567068325603,0.34,9.81,-0.5
1567068325623,0.38,9.35,-0.19
1567068325643,0.34,9.35,-0.54
1567068325663,0,9.01,-0.38
1567068325683,-0.5,8.2,-0.65
1567068325703,-0.65,7.2,-1
1567068325723,-0.77,6.94,-1.03
1567068325743,-0.73,6.67,-1
1567068325763,-0.61,7.28,-1.11
1567068325783,-0.5,7.47,-1.26
1567068325804,-0.61,7.59,-1.46
1567068325824,-0.5,7.89,-1.23
1567068325844,-0.54,8.24,-1.07
1567068325865,-0.61,8.28,-1.46
1567068325885,-0.88,8.39,-0.65
1567068325905,-0.92,8.43,-0.61
1567068325925,-0.5,7.93,-0.38
1567068325945,-0.46,7.63,-1.19
1567068325966,-0.23,6.86,-1.23
1567068325986,-0.46,6.74,-1.69
1567068326006,-0.38,7.01,-0.46
1567068326026,-0.92,8.58,-1
1567068326046,-1.03,9.2,-1.07
1567068326066,-0.73,10.31,-0.46
1567068326086,-0.61,11.84,-0.5
1567068326106,-0.65,12.19,-0.61
1567068326126,-0.69,12.03,-1.11
1567068326146,-0.61,11.96,-1.42
1567068326166,-0.23,11.19,-1.49
1567068326186,-0.19,10.38,-0.84
1567068326206,0.42,9.96,-1.72
1567068326226,1.23,8.93,-4.06
1567068326246,0.23,5.13,-5.79
1567068326266,0.38,2.07,-5.82
1567068326286,0.15,2.61,-6.55
1567068326306,0.42,4.41,-6.21
1567068326326,0.27,7.13,-2.34
1567068326346,-1.65,11.38,-2.57
1567068326366,-1.72,12.8,-4.52
1567068326386,-0.42,12.34,-3.22
1567068326406,1.84,16.75,-3.95
1567068326426,2.91,16.67,-5.02
1567068326446,3.76,19.16,-6.17
1567068326466,5.67,19.81,-5.02
1567068326486,6.4,18.62,-2.87
1567068326506,5.4,17.7,-2.68
1567068326526,0.19,8.97,-3.68
1567068326546,0.08,3.95,-5.17
1567068326566,-0.27,-1.8,-1.8
1567068326586,-1.03,-2.84,-2.45
1567068326606,-3.26,-0.31,-3.68
1567068326626,-4.29,-3.41,-3.95
1567068326646,-3.68,-4.52,-2.84
1567068326666,-1.23,-3.68,-0.8
1567068326686,-0.19,-0.96,1.07
1567068326706,-1.95,2.03,-0.11
1567068326726,-0.38,4.94,-8.12
1567068326746,8.62,13.26,-9.35
1567068326766,-0.04,27.05,-11.92
1567068326786,-3.41,19.73,1.65
1567068326806,-1.26,22.49,-2.68
1567068326826,-2.8,19.58,-0.96
1567068326847,-4.87,19.28,-1.95
1567068326867,-2.26,16.75,-1.34
1567068326888,-2.07,11.69,-2.99
1567068326908,0.11,7.86,-2.8
1567068326928,1.15,5.71,-0.96
1567068326948,2.76,2.41,-0.8
1567068326968,3.45,-0.46,-4.33
1567068326988,4.02,-4.29,-7.4
1567068327008,1.72,-6.02,-4.91
1567068327028,-0.69,-4.6,0.04
1567068327048,-1.95,-3.41,-0.38
1567068327069,0.54,-1.61,-1.19
1567068327090,-2.72,2.18,-6.32
1567068327111,-1.61,15.83,-2.57
1567068327131,5.75,36.6,-12.11
1567068327151,3.33,13.72,5.67
1567068327171,1.69,26.9,-7.01
1567068327191,3.72,17.32,-2.07
1567068327211,5.63,22.53,-3.68
1567068327231,3.99,16.55,-0.77
1567068327251,2.49,10.65,-0.69
1567068327271,-0.77,5.71,-2.57
1567068327292,-2.3,0.46,-3.26
1567068327312,-2.64,-2.22,-4.48
1567068327332,-3.26,-5.06,-7.05
1567068327353,-3.22,-6.82,-5.13
1567068327374,-1.61,-5.29,-2.87
1567068327395,0.34,-1.3,0.73
1567068327415,0.69,1.19,1.92
1567068327436,-3.64,4.45,0.27
1567068327456,-3.83,10.31,-9.43
1567068327476,3.72,26.52,-5.36
1567068327496,-3.18,26.71,-10.65
1567068327516,-2.41,27.36,-1.72
1567068327536,-2.3,18.93,2.72
1567068327556,-4.33,20,-3.45
1567068327576,-3.33,15.1,0.19
1567068327596,-2.49,11.84,-1.69
1567068327617,-1.03,7.01,-2.18
1567068327637,0.11,3.68,-0.73
1567068327657,3.95,0.34,-1.76
1567068327678,5.29,-2.57,-3.41
1567068327698,5.21,-5.9,-6.25
1567068327718,2.61,-6.59,-4.14
1567068327738,-0.5,-4.14,-2.26
1567068327758,-1.92,-1.92,-2.45
1567068327778,1.3,0.11,-2.45
1567068327798,-5.82,4.94,-12.45
1567068327818,-3.07,22.95,-3.03
1567068327838,9.16,37.52,-16.32
1567068327858,5.21,18.78,11.57
1567068327878,-0.92,26.52,-5.21
1567068327898,1.26,16.86,-3.18
1567068327918,2.34,19.62,-1.49
1567068327938,3.18,14.22,-0.31
1567068327958,3.37,10.5,-0.57
1567068327978,-0.73,7.32,-0.73
1567068327998,-1.84,2.72,-1.88
1567068328018,-3.95,-3.49,-3.99
1567068328038,-4.98,-7.2,-5.06
1567068328058,-5.48,-7.36,-5.63
1567068328078,-2.45,-3.45,-3.03
1567068328098,0.57,-1.53,-1.19
1567068328118,3.07,-1.03,-1.03
1567068328138,2.64,0.57,0.8
1567068328158,-1.34,3.03,1.69
1567068328178,-4.83,9.5,-10.31
1567068328198,4.75,34.37,-8.81
1567068328218,-5.1,22.99,-10
1567068328238,-4.87,31.15,0.5
1567068328258,-2.11,20.08,2.99
1567068328278,-2.61,19.89,-2.45
1567068328298,-2.18,15.9,0.04
1567068328318,-1.88,12.34,-1.26
1567068328338,-1.07,7.78,0.04
1567068328358,2.03,3.07,-1.65
1567068328378,5.48,-0.04,-2.45
1567068328398,5.71,-4.02,-4.71
1567068328418,4.79,-6.74,-5.52
1567068328438,2.26,-5.59,-4.56
1567068328458,-0.57,-3.41,-0.84
1567068328478,-3.03,-1.42,-1
1567068328498,-2.95,-0.27,-0.19
1567068328518,-0.11,0.92,0.5
1567068328538,6.59,6.21,-7.47
1567068328558,-9.81,37.25,-5.75
1567068328578,5.56,28.97,-20.81
1567068328598,7.05,32.23,6.59
1567068328618,0.54,22.99,1.69
1567068328638,1.46,20,-4.14
1567068328658,1.61,14.64,0.08
1567068328678,0.46,9.35,-1.57
1567068328698,0.46,6.13,1.15
1567068328718,-4.98,0.61,-0.38
1567068328738,-5.75,-2.53,-2.91
1567068328758,-4.29,-5.75,-4.83
1567068328778,-3.53,-6.55,-4.75
1567068328798,-1.23,-3.72,-3.91
1567068328819,1.46,-0.54,-2.07
1567068328839,3.03,-0.11,-1.15
1567068328859,2.07,0.42,0.23
1567068328880,-3.56,3.1,-1.19
1567068328900,-1.8,12.95,-14.06
1567068328920,1.26,28.32,-9.81
1567068328940,-5.75,28.66,3.49
1567068328961,-4.33,27.32,-3.03
1567068328981,-0.96,20.23,1.84
1567068329001,-0.38,19.77,0.31
1567068329022,-1.38,13.72,-2.07
1567068329042,-1.95,8.85,-2.03
1567068329062,-0.34,6.48,0.57
1567068329082,3.72,3.87,0.04
1567068329102,6.67,-0.73,-4.83
1567068329123,5.1,-5.44,-6.48
1567068329143,3.14,-7.36,-4.75
1567068329163,0.5,-4.25,-2.11
1567068329183,-1.65,-1.23,-0.65
1567068329203,-3.03,0.38,0.04
1567068329223,-0.84,3.49,3.1
1567068329243,6.36,5.94,-4.1
1567068329263,-9.04,25.33,-11.04
1567068329283,3.53,22.26,-17.86
1567068329303,9.01,31.38,7.47
1567068329323,0.15,23.76,-1.11
1567068329343,0.54,20.88,-2.22
1567068329363,2.34,15.44,1.72
1567068329383,0.61,10.15,-2.07
1567068329403,0.42,6.67,0.42
1567068329423,-5.1,1.92,-0.19
1567068329443,-5.25,-2.45,-3.6
1567068329464,-3.68,-6.63,-5.79
1567068329485,-2.8,-7.32,-5.59
1567068329505,-0.57,-4.1,-2.8
1567068329525,1.65,-1.8,-2.57
1567068329545,2.38,-1.19,-0.04
1567068329566,-0.38,0.69,1.11
1567068329586,-3.53,6.74,-11.15
1567068329606,5.44,28.4,-7.55
1567068329626,-10.27,33.3,-9.7
1567068329646,-2.22,25.9,7.43
1567068329666,-1.95,23.03,-0.23
1567068329686,-2.07,19.66,-3.64
1567068329706,-1.26,16.98,-1
1567068329726,-1.42,11.42,-1.38
1567068329746,-1.11,7.89,-1.61
1567068329766,2.15,3.91,0.77
1567068329786,4.75,1.11,-1.8
1567068329806,5.4,-2.26,-3.91
1567068329826,6.21,-6.48,-5.82
1567068329846,2.8,-7.4,-5.63
1567068329866,-1.07,-4.52,-1.03
1567068329886,-3.68,-3.33,-2.07
1567068329906,-3.37,-0.46,0.38
1567068329926,0.61,1.99,2.03
1567068329946,6.21,6.17,-7.43
1567068329966,-8.32,32.57,-4.14
1567068329986,6.82,30.16,-19.16
1567068330006,8.35,33.38,3.18
1567068330026,1.53,25.14,4.71
1567068330046,0.57,20.42,-3.49
1567068330067,1,12.72,-0.96
1567068330087,0.34,8.05,-0.04
1567068330107,-2.49,4.37,1.69
1567068330128,-8.2,-1.03,-5.25
1567068330148,-5.36,-6.63,-7.28
1567068330168,-0.04,-8.28,-3.91
1567068330188,-0.38,-3.99,-0.96
1567068330208,0.61,-0.15,-0.96
1567068330228,2.8,-0.04,-2.87
1567068330248,1.84,-0.61,-1.84
1567068330268,-2.91,1.03,-0.8
1567068330288,0.31,8.47,-14.45
1567068330308,6.74,29.85,-7.66
1567068330328,-12.72,33.3,-3.95
1567068330348,-6.25,26.75,0
1567068330368,-1.99,21.8,1.95
1567068330388,-0.88,21.65,-2.61
1567068330408,-1.23,16.67,-1.84
1567068330428,-0.8,12.61,-1.26
1567068330448,-0.27,8.2,-3.22
1567068330468,2.53,5.36,-0.42
1567068330488,4.71,2.91,-0.08
1567068330508,5.59,-2.15,-3.41
1567068330528,5.48,-7.05,-6.82
1567068330548,1.99,-7.97,-5.59
1567068330568,-1,-5.33,-1.26
1567068330588,-2.95,-2.34,-1.95
1567068330608,-3.68,-1.23,-0.38
1567068330628,-0.27,1.99,2.26
1567068330648,4.29,7.09,-6.36
1567068330668,-6.55,29.85,-4.45
1567068330688,7.24,27.17,-20.12
1567068330709,5.29,29.35,6.44
1567068330729,1.19,22.49,1.19
1567068330749,2.41,21.31,-4.02
1567068330769,2.72,15.86,0.15
1567068330789,0.88,10.88,-2.11
1567068330810,0.08,6.55,0.57
1567068330831,-4.87,1.61,-0.57
1567068330851,-5.71,-4.02,-4.41
1567068330871,-4.25,-5.86,-6.28
1567068330891,-2.11,-6.9,-3.76
1567068330911,-1,-4.83,-2.76
1567068330931,1.3,-1.84,-1.34
1567068330951,3.1,-0.23,-1.8
1567068330971,1.8,0.77,0.96
1567068330991,-4.1,3.76,-1.76
1567068331011,-1.84,15.37,-11.73
1567068331031,-1.42,37.25,-20.12
1567068331051,-2.64,20.12,9.04
1567068331072,-5.25,28.74,-6.74
1567068331092,-2.07,18.97,1.15
1567068331112,-1.8,19.62,1.11
1567068331133,-2.91,15.52,-2.53
1567068331153,-1.03,10.31,-0.61
1567068331173,-0.19,5.48,-1
1567068331193,4.91,1.95,-0.73
1567068331213,7.36,-0.15,-2.95
1567068331233,5.71,-4.6,-5.48
1567068331253,3.45,-8.12,-6.59
1567068331273,-0.46,-7.93,-4.6
1567068331293,-2.76,-4.25,-1.61
1567068331313,-3.3,-2.3,-0.08
1567068331333,1.84,0.19,-2.99
1567068331353,-7.2,6.25,-13.76
1567068331373,-5.4,35.33,-2.22
1567068331393,12.42,34.37,-11.57
1567068331413,3.99,24.45,3.03
1567068331433,0.84,24.53,-2.84
1567068331453,1.57,20.69,-3.07
1567068331473,3.56,19.73,-1.3
1567068331493,3.68,13.37,-0.11
1567068331514,2.07,9.08,-1.03
1567068331534,-2.26,3.26,-0.19
1567068331554,-4.48,-1.15,-3.18
1567068331575,-5.4,-6.17,-4.83
1567068331595,-4.94,-8.43,-5.63
1567068331615,-2.76,-5.13,-2.61
1567068331635,-0.11,-1.34,-0.88
1567068331655,2.64,-0.08,-0.84
1567068331675,2.53,1.42,-1.8
1567068331695,-0.42,1.72,-0.84
1567068331716,-4.83,4.33,-8.7
1567068331736,6.97,15.79,-5.17
1567068331756,-1.57,30.5,-15.4
1567068331776,-5.02,22.95,5.06
1567068331796,-0.73,25.1,-2.03
1567068331816,-3.6,21.65,-1.92
1567068331836,-2.26,17.51,-0.19
1567068331856,-2.99,14.29,-2.45
1567068331876,-1.26,9.5,-2.99
1567068331896,-0.15,4.41,-2.3
1567068331916,2.34,3.91,-0.5
1567068331936,5.36,1.8,-0.57
1567068331957,6.4,-1.76,-4.79
1567068331977,3.07,-7.13,-6.55
1567068331997,0.04,-8.32,-4.33
1567068332017,-2.38,-5.06,-0.88
1567068332037,-4.18,-2.34,0.38
1567068332057,-1.99,-0.42,1.53
1567068332077,3.79,4.37,-4.41
1567068332097,-4.02,17.09,-8.55
1567068332117,1.34,35.33,-23.61
1567068332137,9.7,15.63,8.01
1567068332158,1.61,32.19,-6.17
1567068332178,2.22,20.35,-1.84
1567068332198,5.52,20.23,-0.08
1567068332218,4.33,15.79,-2.15
1567068332238,2.26,9.92,-1.8
1567068332258,-0.08,5.82,-2.03
1567068332278,-4.1,1.3,-2.34
1567068332298,-4.79,-1.92,-3.91
1567068332318,-4.64,-6.67,-5.44
1567068332338,-4.22,-7.59,-4.33
1567068332358,-2.95,-5.82,-4.14
1567068332378,0.04,-3.26,-1.88
1567068332398,2.34,-1.46,-0.31
1567068332418,0,0.84,1.42
1567068332438,-3.91,5.63,-8.74
1567068332458,4.68,19.08,-5.94
1567068332478,-2.61,31.19,-14.68
1567068332498,-3.1,21.19,5.94
1567068332518,-1.07,26.75,-4.87
1567068332538,-3.03,21.73,-2.49
1567068332558,-4.18,20.35,0.42
1567068332578,-3.68,16.25,-1.53
1567068332598,-2.64,12.11,-2.72
1567068332618,-1.49,7.09,-1.92
1567068332638,1.53,4.52,-0.42
1567068332658,5.48,1.15,-0.04
1567068332678,7.01,-3.45,-4.83
1567068332698,5.56,-6.86,-7.74
1567068332718,1.99,-8.01,-4.48
1567068332738,-1.38,-5.82,-1.38
1567068332758,-3.37,-3.37,-1.07
1567068332778,-2.64,-1.11,-0.04
1567068332798,1.65,2.26,-2.53
1567068332818,-4.02,10.04,-8.28
1567068332838,-0.38,37.63,-8.81
1567068332858,8.74,19.7,-1.03
1567068332878,2.49,28.82,-3.68
1567068332898,1.88,19.54,-2.68
1567068332919,3.56,22.38,-3.83
1567068332939,3.49,18.62,-2.38
1567068332960,1.69,12.61,-0.23
1567068332980,0.38,9.01,-1.92
1567068333000,-1.65,3.33,-1.23
1567068333021,-2.72,-1.53,-2.38
1567068333041,-4.06,-3.79,-3.83
1567068333062,-4.64,-5.71,-5.82
1567068333083,-2.68,-6.44,-5.82
1567068333103,0.15,-5.02,-2.34
1567068333123,2.61,-2.38,-1.65
1567068333143,2.49,0.34,0.84
1567068333163,-1.95,4.25,-2.15
1567068333183,2.95,18.09,-7.24
1567068333203,2.11,25.14,-12.03
1567068333223,-4.18,22.88,3.45
1567068333243,-2.95,28.32,-2.76
1567068333263,-4.06,20.19,-1.99
1567068333283,-3.91,21.08,-1.61
1567068333303,-3.26,17.13,-0.8
1567068333323,-1.95,13.34,-1.69
1567068333343,-0.84,8.2,-2.95
1567068333363,0.61,4.68,-1.15
1567068333383,4.33,2.41,-0.46
1567068333403,5.52,-1.49,-3.03
1567068333423,4.87,-5.1,-6.02
1567068333443,2.91,-6.82,-6.25
1567068333463,-0.04,-6.32,-3.18
1567068333483,-2.49,-3.83,-1.26
1567068333503,-3.22,-1.65,-0.19
1567068333523,0.08,1,-0.34
1567068333543,-0.19,6.9,-8.16
1567068333563,-5.02,23.68,-1.84
1567068333583,5.02,30.96,-19.62
1567068333604,5.94,21.57,2.95
1567068333624,2.18,28.66,-1.53
1567068333645,3.14,21.88,-2.64
1567068333665,3.45,19.62,-3.68
1567068333685,2.8,14.87,-0.88
1567068333706,1.03,8.85,-0.65
1567068333726,-1,5.1,-1.49
1567068333746,-2.22,-0.27,-2.45
1567068333766,-3.49,-4.14,-3.83
1567068333786,-4.1,-5.29,-5.33
1567068333806,-4.37,-5.9,-4.68
1567068333826,-1.57,-4.14,-2.38
1567068333846,0.54,-1.76,-1.23
1567068333866,1.92,0.15,-0.61
1567068333886,-0.69,2.03,-0.54
1567068333906,-1.84,7.05,-8.66
1567068333926,4.87,16.71,-5.44
1567068333946,-3.95,18.85,-9.35
1567068333966,-6.21,26.98,1.26
1567068333986,-0.46,27.55,-0.69
1567068334006,-2.68,22.11,-3.79
1567068334026,-3.18,21.11,-1.65
1567068334046,-2.87,17.4,-0.46
1567068334066,-3.18,12.19,-1.95
1567068334087,-1.3,8.35,-2.76
1567068334107,0,3.18,-0.96
1567068334127,3.26,1.07,-1.53
1567068334147,5.44,-2.26,-3.41
1567068334167,5.71,-4.98,-7.51
1567068334187,3.45,-6.74,-6.13
1567068334207,0.61,-4.25,-1.65
1567068334227,-2.07,-2.22,-0.84
1567068334247,-2.38,0.19,0.57
1567068334267,0.23,1.3,-0.54
1567068334287,-0.88,6.28,-9.01
1567068334307,-4.45,17.7,-0.8
1567068334327,3.53,30.62,-15.52
1567068334348,6.25,22.07,2.91
1567068334369,3.03,30.46,-1.26
1567068334390,2.68,20.81,-3.83
1567068334410,2.76,20.08,-3.91
1567068334431,1.49,13.6,-0.27
1567068334451,0.31,10.35,-1.07
1567068334471,-1.72,5.33,-1.57
1567068334491,-2.34,0.15,-1.46
1567068334511,-3.03,-2.61,-2.8
1567068334531,-3.64,-4.91,-5.36
1567068334551,-3.14,-6.71,-4.91
1567068334571,-1.07,-4.94,-3.53
1567068334591,0.92,-2.26,-1.38
1567068334611,2.41,-0.19,-0.77
1567068334631,0.38,2.26,1.3
1567068334651,-3.33,6.09,-3.33
1567068334671,2.15,16.75,-8.05
1567068334691,2.18,18.01,-14.71
1567068334711,-5.17,25.71,2.8
1567068334731,-1.65,27.13,-1.46
1567068334751,-3.22,19.89,-2.07
1567068334771,-3.3,20.19,-1.65
1567068334791,-2.45,17.13,-1.11
1567068334811,-2.49,13.3,-1.03
1567068334831,-1.84,8.12,-2.3
1567068334851,-0.23,5.94,-1.84
1567068334871,3.07,2.8,-0.65
1567068334891,5.06,0,-1.26
1567068334911,5.75,-3.26,-4.87
1567068334931,4.64,-6.02,-6.48
1567068334951,0.96,-6.05,-4.87
1567068334971,-1.49,-3.87,-2.22
1567068334991,-3.03,-2.38,-0.73
1567068335011,-0.34,0.61,0.65
1567068335031,1.69,4.45,-6.4
1567068335051,-7.2,16.48,-4.56
1567068335071,2.18,33.03,-18.13
1567068335091,9.31,17.74,8.43
1567068335111,2.07,32.38,-2.18
1567068335131,1,19.54,-3.37
1567068335151,2.87,21.65,-1.92
1567068335171,2.99,16.78,-1.03
1567068335191,1.38,10.31,-0.77
1567068335211,-0.23,7.4,-1.3
1567068335231,-1.92,2.72,-0.57
1567068335251,-2.84,-1.23,-2.8
1567068335271,-3.37,-3.49,-2.95
1567068335291,-4.06,-5.75,-6.36
1567068335311,-3.37,-6.05,-4.64
1567068335331,-1.23,-4.64,-2.61
1567068335353,2.15,-1.65,-0.5
1567068335373,2.53,0.27,0.65
1567068335393,-1.72,4.06,-4.37
1567068335413,2.26,13.45,-9.92
1567068335433,1.95,23.22,-12.88
1567068335453,-8.55,27.09,0.27
1567068335473,-2.26,25.52,-0.65
1567068335493,-3.64,21.19,-1.57
1567068335513,-3.3,19.47,-3.07
1567068335533,-3.1,17.36,-1.34
1567068335553,-2.11,13.11,-1.8
1567068335573,-1.15,8.85,-3.07
1567068335593,-0.61,5.36,-3.22
1567068335613,1.69,2.68,-1.19
1567068335633,3.99,0.38,-1.57
1567068335653,5.52,-3.33,-5.1
1567068335673,4.94,-5.86,-7.05
1567068335693,1.49,-6.48,-4.68
1567068335713,-0.77,-4.1,-1.03
1567068335733,-2.26,-1.99,0.15
1567068335753,1.38,1.19,-2.15
1567068335773,-3.07,7.97,-7.63
1567068335793,-4.1,29.81,-4.75
1567068335813,7.17,18.93,-8.05
1567068335833,4.87,24.53,-2.53
1567068335853,2.95,23.72,-1.03
1567068335873,1.88,21.04,-3.68
1567068335893,2.84,19.31,-2.53
1567068335913,2.22,14.29,-0.96
1567068335933,1.38,9.54,-1.57
1567068335953,-0.61,6.02,0.8
1567068335973,-2.18,0.96,-2.11
1567068335993,-3.26,-2.99,-4.37
1567068336013,-3.14,-5.59,-6.25
1567068336033,-2.84,-6.74,-5.33
1567068336053,-2.11,-4.22,-2.68
1567068336073,0.15,-1.61,-1.95
1567068336093,2.45,0.77,0.23
1567068336113,0.34,2.57,0.92
1567068336133,-1.72,8.43,-7.2
1567068336153,5.36,18.05,-9.5
1567068336173,-5.25,18.43,-8.16
1567068336193,-6.63,27.48,-1.49
1567068336214,-1.26,23.99,0.5
1567068336234,-2.95,20.04,-3.33
1567068336254,-2.07,19.01,-2.26
1567068336275,-2.53,15.6,-1.72
1567068336295,-1.26,11.46,-0.69
1567068336315,-1.03,7.82,-2.34
1567068336335,1.19,4.52,-1.03
1567068336355,4.14,1.72,-1.42
1567068336375,5.71,-2.64,-3.3
1567068336395,5.29,-5.94,-6.74
1567068336415,2.41,-6.44,-5.06
1567068336435,-0.11,-3.64,-2.3
1567068336455,-2.57,-2.72,-1.19
1567068336475,-0.92,0.23,0.15
1567068336495,1.46,4.64,-6.51
1567068336515,-5.86,15.94,-3.56
1567068336535,1.42,32.3,-18.01
1567068336555,8.78,15.71,10
1567068336575,3.37,30.73,-1.92
1567068336595,0.65,18.51,-5.29
1567068336616,2.34,21.27,-1.11
1567068336636,1.46,14.68,-1.53
1567068336656,1.49,9.73,-1.38
1567068336676,0.69,6.97,1.38
1567068336696,-1.07,2.64,-0.61
1567068336716,-3.76,-1.53,-3.68
1567068336736,-4.48,-4.25,-4.64
1567068336757,-3.83,-5.98,-5.4
1567068336777,-2.64,-5.25,-4.18
1567068336797,-0.73,-2.45,-1.46
1567068336817,1.65,0.57,-0.57
1567068336837,1.57,2.22,0.8
1567068336857,-2.15,4.52,-1.76
1567068336877,0.19,15.06,-8.78
1567068336897,1.03,17.82,-12.65
1567068336917,-6.78,29.85,2.76
1567068336937,-2.76,25.83,0.5
1567068336958,-3.6,20.19,-2.72
1567068336979,-2.99,18.59,-1.53
1567068336999,-2.3,16.06,-1.53
1567068337019,-1.76,12.11,-2.15
1567068337040,-0.69,8.47,-2.18
1567068337060,0.46,4.98,-0.92
1567068337080,2.22,2.26,-0.5
1567068337101,4.41,-1.38,-3.45
1567068337121,5.36,-4.91,-6.86
1567068337142,3.22,-6.28,-5.82
1567068337163,0.38,-4.83,-2.99
1567068337183,-1.99,-3.1,-0.88
1567068337203,-0.73,-0.96,-0.54
1567068337224,0,3.64,-8.81
1567068337245,-7.47,16.86,-2.64
1567068337265,3.91,34.95,-18.7
1567068337285,9.62,14.14,11.04
1567068337306,2.84,32.23,-3.76
1567068337326,1.65,18.05,-4.33
1567068337346,1.19,21.31,-3.95
1567068337366,1.72,16.06,-1.49
1567068337386,1.57,11.11,-0.57
1567068337406,0.54,7.78,0.42
1567068337426,-1.15,2.22,-0.77
1567068337446,-3.14,-1.88,-4.33
1567068337466,-3.45,-5.48,-4.98
1567068337486,-3.22,-7.13,-5.67
1567068337506,-2.87,-6.13,-4.25
1567068337526,-1,-2.26,-1.46
1567068337546,1.07,0.08,-1.15
1567068337566,1.65,2.18,0.61
1567068337586,-2.03,4.45,-4.1
1567068337606,0.15,14.18,-8.55
1567068337626,1.84,19.43,-11.3
1567068337646,-6.21,23.38,3.6
1567068337666,-3.03,28.78,-5.33
1567068337686,-2.45,18.85,-0.31
1567068337707,-1.92,20.35,-3.33
1567068337727,-1.72,17.28,-1.65
1567068337747,-2.18,13.76,-1.38
1567068337768,-2.18,8.97,-2.15
1567068337788,-0.77,6.25,-2.45
1567068337808,1.65,3.26,-0.27
1567068337828,4.02,0.15,-2.22
1567068337848,5.1,-4.37,-4.52
1567068337868,4.94,-6.17,-6.9
1567068337888,2.11,-5.4,-4.6
1567068337908,-0.34,-2.91,-2.18
1567068337928,-1.99,-1.3,-0.73
1567068337948,0.77,2.07,0.77
1567068337968,1.07,8.28,-7.66
1567068337988,-7.28,24.64,-4.45
1567068338009,0.96,20.96,-13.3
1567068338030,5.56,24.49,0.57
1567068338050,1.15,24.64,0.61
1567068338070,2.07,20.92,-3.49
1567068338090,3.18,19.16,-2.15
1567068338110,2.8,15.21,-1.61
1567068338130,2.15,8.97,-1.65
1567068338150,-0.38,6.86,-0.84
1567068338170,-1.8,2.68,-0.42
1567068338190,-2.53,-0.42,-2.11
1567068338210,-3.72,-3.1,-4.06
1567068338230,-4.83,-5.36,-6.78
1567068338250,-2.95,-6.63,-5.17
1567068338270,-0.77,-5.33,-3.41
1567068338291,1.84,-2.34,-0.27
1567068338311,1.65,0.27,2.99
1567068338331,-3.6,4.68,-2.53
1567068338353,3.64,21.34,-9.58
1567068338373,1.11,20.42,-18.24
1567068338394,-6.02,24.79,4.79
1567068338415,-3.03,26.98,0.04
1567068338435,-4.48,20.39,-2.49
1567068338455,-3.1,18.2,-1.8
1567068338475,-2.11,16.02,-0.5
1567068338495,-1.46,12.22,-1.53
1567068338515,-0.61,8.09,-2.49
1567068338535,0.92,5.59,-1.95
1567068338555,3.26,2.3,-0.46
1567068338575,3.6,-0.5,-2.53
1567068338595,4.68,-4.56,-6.25
1567068338615,4.1,-6.55,-6.94
1567068338635,0.65,-6.44,-2.26
1567068338655,-1.61,-3.26,-2.41
1567068338675,-1.65,-1.61,0.34
1567068338695,3.26,1.72,-3.49
1567068338715,-3.37,10.35,-7.36
1567068338735,-4.52,43.65,-13.3
1567068338755,6.32,9.24,4.14
1567068338775,2.57,31.15,-6.71
1567068338795,1.76,19.7,0.04
1567068338815,2.03,21.61,-3.76
1567068338835,2.11,18.16,-3.83
1567068338855,1.57,11.34,-0.57
1567068338875,1.11,9.16,-1.23
1567068338895,-0.61,5.48,0.5
1567068338915,-2.38,0.65,-1.99
1567068338935,-3.45,-2.87,-3.64
1567068338956,-3.6,-5.29,-4.98
1567068338976,-2.99,-6.17,-5.1
1567068338996,-1.72,-4.37,-2.87
1567068339016,0.42,-1.3,-1.88
1567068339036,1.84,0.08,-1.07
1567068339056,0.08,1.53,0.23
1567068339076,-2.11,8.51,-10
1567068339096,4.75,24.87,-6.4
1567068339116,-3.79,16.75,-11.3
1567068339138,-5.13,27.67,-1.38
1567068339158,-1.23,21,0.69
1567068339179,-2.11,20.5,-2.61
1567068339200,-1.8,17.97,-2.38
1567068339220,-2.26,14.49,-1.49
1567068339240,-2.45,10.46,-1.42
1567068339261,-1.38,7.36,-1.8
1567068339281,0.15,4.56,-0.92
1567068339301,2.38,1.72,-1.03
1567068339321,4.33,-1.95,-3.56
1567068339341,5.56,-5.44,-7.24
1567068339361,2.91,-6.63,-6.21
1567068339381,0.19,-3.83,-2.53
1567068339401,-1.34,-1.11,-1.57
1567068339421,0.31,1.49,2.45
1567068339441,1.38,7.59,-8.2
1567068339461,-8.78,23.57,-4.33
1567068339481,0.23,17.97,-12.34
1567068339501,8.78,21.54,0.73
1567068339521,2.91,24.18,0
1567068339541,1.19,20.54,-3.18
1567068339561,1.19,19.47,-3.03
1567068339581,3.26,17.13,-1.69
1567068339601,2.87,13.41,-1.19
1567068339621,1.03,9.08,-2.26
1567068339641,-1.03,3.95,-0.84
1567068339661,-2.45,1.26,-1.69
1567068339681,-3.68,-2.64,-2.53
1567068339701,-4.25,-4.79,-4.87
1567068339721,-3.72,-5.94,-5.82
1567068339742,-2.22,-5.33,-3.76
1567068339762,0.11,-2.64,-1
1567068339783,1.61,0.15,0.38
1567068339803,-0.8,3.14,1.69
1567068339823,-2.45,9.2,-8.43
1567068339843,3.83,19.12,-6.32
1567068339863,-2.64,18.59,-10.19
1567068339883,-6.55,27.63,0.77
1567068339903,-1.23,23.38,0.61
1567068339923,-2.91,21.69,-1.76
1567068339943,-2.18,18.13,-1.72
1567068339963,-2.3,15.33,-1
1567068339983,-3.14,11.19,-1.61
1567068340003,-1.49,8.05,-1.8
1567068340023,0.23,5.67,-1.07
1567068340043,2.8,2.38,-1.46
1567068340063,4.75,-1.23,-3.07
1567068340083,5.98,-5.59,-7.7
1567068340103,3.76,-7.01,-5.02
1567068340123,0.57,-4.1,-2.15
1567068340143,-2.03,-1.92,-1
1567068340163,-1.46,-0.42,1
1567068340183,3.33,3.72,-4.45
1567068340203,-4.98,12.19,-7.28
1567068340223,-2.61,34.49,-13.6
1567068340243,9.27,13.14,3.91
1567068340263,3.76,31.12,-1.99
1567068340283,1.15,20.54,-2.41
1567068340303,2.41,20,-3.03
1567068340323,2.11,17.05,-1.99
1567068340344,1.65,11.5,-0.65
1567068340365,0.73,6.86,-0.8
1567068340385,-1.65,5.21,0.42
1567068340406,-2.76,0.65,-2.07
1567068340426,-3.41,-2.95,-3.14
1567068340446,-4.18,-4.91,-5.82
1567068340466,-4.06,-5.67,-5.9
1567068340486,-1.84,-4.22,-3.83
1567068340506,0.57,-2.03,-0.61
1567068340526,1.76,0.27,0.92
1567068340546,-1.72,2.61,-0.8
1567068340566,0.77,10.27,-10.46
1567068340586,5.71,23.91,-9.73
1567068340606,-6.44,18.28,-6.55
1567068340626,-5.75,24.98,-0.11
1567068340646,-2.38,20.92,0.38
1567068340666,-3.6,20.69,-2.41
1567068340686,-2.57,18.59,-2.03
1567068340706,-2.26,15.44,-0.84
1567068340726,-2.91,12.07,-1.8
1567068340746,-1.46,8.35,-1.53
1567068340766,0.15,6.21,-1.53
1567068340786,2.87,2.68,-1.3
1567068340806,5.13,-0.8,-4.18
1567068340826,5.9,-6.32,-6.28
1567068340846,4.18,-6.86,-5.36
1567068340866,0.96,-4.18,-3.03
1567068340886,-1.03,-2.53,-1.69
1567068340906,-2.03,-0.42,0.88
1567068340926,2.95,3.49,-3.53
1567068340946,-3.37,12.65,-8.62
1567068340966,-2.38,32.15,-9.47
1567068340986,8.58,11.73,-2.41
1567068341006,2.53,28.63,-3.41
1567068341026,2.11,20.12,-0.11
1567068341046,2.57,20.31,-3.14
1567068341066,1.23,17.17,-3.18
1567068341086,2.84,14.18,-0.77
1567068341106,2.34,10.92,-1.15
1567068341126,-0.5,6.44,-1.57
1567068341146,-2.64,2.07,-1.61
1567068341166,-2.45,-1.34,-2.49
1567068341186,-2.15,-4.37,-2.68
1567068341206,-3.49,-5.1,-3.68
1567068341226,-3.03,-3.14,-3.79
1567068341246,-0.84,-1.38,-2.26
1567068341266,0.61,-0.5,-1.92
1567068341286,1.15,-0.31,-0.54
1567068341306,-1.72,1.23,-1.42
1567068341326,-0.11,9.39,-9.58
1567068341346,7.82,23.99,-8.24
1567068341366,-3.18,19.89,-8.62
1567068341386,-9.62,27.02,-1.11
1567068341406,-3.72,19.47,0.8
1567068341426,-2.95,19.43,-2.26
1567068341446,-0.96,17.63,-3.64
1567068341466,-0.42,15.52,-0.57
1567068341486,-0.84,11.53,-1.19
1567068341506,-0.84,9.62,-0.8
1567068341526,-0.15,6.63,-0.88
1567068341546,0.84,4.87,-1.3
1567068341566,2.3,0.84,-2.45
1567068341586,4.22,-3.26,-4.25
1567068341606,5.29,-5.63,-5.67
1567068341626,2.53,-4.48,-4.64
1567068341646,0.69,-1.99,-1.72
1567068341666,-1.19,-1.03,-1.03
1567068341686,0.73,0.38,-0.69
1567068341706,1.99,5.44,-8.74
1567068341726,-7.63,12.49,-4.48
1567068341746,-2.72,28.36,-12.57
1567068341766,10.88,21.19,2.99
1567068341786,3.45,27.82,0.08
1567068341806,2.57,20.46,-0.84
1567068341826,2.41,20.12,-2.34
1567068341846,0.84,15.29,-1.23
1567068341866,1.19,12.8,-1.19
1567068341886,1.65,9.43,-1
1567068341906,-1.26,6.13,-1.19
1567068341926,-1.99,2.64,-1.49
1567068341946,-1.15,-1.03,-1.88
1567068341966,-1.84,-4.29,-3.64
1567068341986,-3.56,-5.1,-6.09
1567068342006,-2.45,-4.56,-4.52
1567068342026,-0.84,-2.64,-2.3
1567068342046,0.42,-1.15,0.34
1567068342066,-0.92,0.77,0.8
1567068342086,-2.64,5.25,-7.55
1567068342106,4.52,16.09,-4.22
1567068342126,1.61,17.63,-14.98
1567068342146,-6.74,27.67,4.29
1567068342166,-3.87,22.38,0.65
1567068342186,-3.03,21.42,-1.65
1567068342206,-2.3,19.58,-0.73
1567068342226,-2.91,17.93,-1.46
1567068342246,-1.61,14.37,0.04
1567068342266,-2.07,11.8,-0.69
1567068342286,-1.8,7.86,-1.92
1567068342306,-0.23,5.44,-1.3
1567068342326,1.49,0.34,-3.14
1567068342346,3.76,-3.49,-4.41
1567068342366,5.67,-5.71,-6.44
1567068342386,4.45,-5.33,-4.79
1567068342406,1.19,-2.87,-1.76
1567068342426,-0.88,-1.07,-1.46
1567068342446,-0.23,0.57,0.73
1567068342466,4.45,2.45,-3.45
1567068342486,-3.1,8.62,-7.59
1567068342506,-7.63,29.43,-1.95
1567068342526,3.18,15.75,-6.4
1567068342546,5.79,26.82,-5.25
1567068342566,3.72,22.53,3.18
1567068342586,3.56,22.23,-2.61
1567068342606,1.11,17.32,-2.45
1567068342626,1.46,15.25,-1.57
1567068342646,0.88,10,-1.3
1567068342666,-0.23,6.9,-0.84
1567068342686,-1.65,3.14,-1.53
1567068342706,-1.38,-0.42,-3.37
1567068342726,-1.49,-4.14,-2.84
1567068342746,-3.37,-5.48,-4.83
1567068342767,-3.53,-4.94,-4.56
1567068342787,-1.88,-3.45,-2.76
1567068342807,0.65,-1,-1.19
1567068342828,1.53,1.15,1.11
1567068342848,-2.61,4.48,-2.49
1567068342868,1,16.82,-9.01
1567068342888,2.95,22.11,-11.46
1567068342908,-3.41,16.63,3.6
1567068342928,-6.48,28.01,-4.83
1567068342948,-2.72,16.55,-0.65
1567068342968,-1.76,21.5,-2.64
1567068342988,-0.92,17.74,-1.26
1567068343008,-0.96,15.86,-0.73
1567068343028,-1.95,12.19,-0.96
1567068343048,-2.07,8.43,-0.5
1567068343068,-0.61,6.4,-1.03
1567068343088,1.3,2.45,-1.26
1567068343108,2.95,-1.92,-3.87
1567068343129,4.71,-6.97,-7.47
1567068343149,4.29,-8.01,-5.56
1567068343169,1.72,-3.68,-2.72
1567068343190,-0.57,-0.57,-0.88
1567068343210,-0.11,1,-2.49
1567068343230,1.88,3.56,-8.05
1567068343250,-4.98,11.61,-2.64
1567068343271,-3.83,25.18,-11.27
1567068343291,10.31,17.63,2.18
1567068343311,3.6,25.44,-0.65
1567068343331,0.88,18.74,-3.79
1567068343354,1.34,20.62,-3.72
1567068343375,3.26,17.55,-1.88
1567068343396,3.79,17.4,-1.03
1567068343416,1.46,13.57,-1.15
1567068343436,-0.23,7.86,-0.46
1567068343456,-1.61,4.87,-1.03
1567068343476,-1.42,1.15,-1.8
1567068343496,-2.3,-3.1,-1.88
1567068343516,-2.76,-4.18,-2.95
1567068343536,-3.49,-4.87,-4.02
1567068343556,-1.53,-2.53,-2.45
1567068343576,0,-0.11,-0.38
1567068343596,0.5,0.5,-0.38
1567068343616,0.23,0.27,-0.34
1567068343636,-2.26,1.46,-5.63
1567068343656,0.8,7.47,-8.35
1567068343676,3.95,19.77,-17.09
1567068343696,-5.56,30.58,-1.69
1567068343716,-3.87,22.07,1.15
1567068343736,-5.17,19.66,-2.22
1567068343756,-3.07,18.36,-2.07
1567068343776,-2.84,18.39,-3.95
1567068343796,-2.34,14.87,-1.99
1567068343816,-0.57,12.3,-1.23
1567068343836,-0.57,10.88,-0.38
1567068343856,-1.34,9.47,-0.5
1567068343876,-0.34,6.67,-0.54
1567068343896,0.69,4.79,-1.07
1567068343916,1.92,2.18,0
1567068343937,3.37,-0.42,-1.88
1567068343958,4.6,-2.15,-4.68
1567068343978,2.95,-3.72,-3.6
1567068343998,0.38,-3.37,-2.87
1567068344018,-1.07,-2.91,-1.42
1567068344038,-1.49,-0.96,-0.88
1567068344058,0.34,0.46,-0.15
1567068344078,6.51,4.1,-5.52
1567068344098,-2.26,14.83,-3.3
1567068344118,-7.09,40.93,-30.58
1567068344138,12.65,8.58,9.43
1567068344158,3.26,28.2,-5.82
1567068344178,1.65,14.06,1.57
1567068344198,1.95,18.59,-1.72
1567068344218,-1.03,13.45,-2.34
1567068344238,-2.03,9.66,-2.11
1567068344258,-1.42,7.32,0.84
1567068344278,-1.07,7.43,0.61
1567068344298,-0.61,7.17,1
1567068344318,-0.65,5.75,0.38
1567068344338,-0.31,3.76,0.34
1567068344358,-0.34,2.53,0.61
1567068344379,0.5,2.38,0.27
1567068344400,1.76,1.88,-0.54
1567068344420,1.11,0.15,-1.23
1567068344441,0.19,-0.34,-2.76
1567068344461,0.23,-0.31,-2.34
1567068344481,-1.11,0,-1.42
1567068344501,-4.18,5.98,-11.53
1567068344521,-0.54,15.33,-6.94
1567068344541,0.65,30.16,-20.85
1567068344561,2.64,27.9,-2.34
1567068344581,-1.72,20.46,-2.84
1567068344601,-2.87,17.93,-1.42
1567068344621,-0.8,13.34,-4.25
1567068344641,0.27,11.34,-4.91
1567068344661,0.5,9.16,-2.11
1567068344681,0.08,7.86,-1.95
1567068344701,0.34,5.67,-1.34
1567068344721,0.84,4.25,-0.77
1567068344741,0.77,3.95,-1.42
1567068344761,0.73,3.68,-1.76
1567068344781,0.61,2.84,-0.38
1567068344801,0.27,2.18,-1.69
1567068344821,-0.11,2.8,-1.23
1567068344841,-0.73,4.48,-1.57
1567068344862,-1.65,5.82,-0.27
1567068344883,-1.61,7.55,1.26
1567068344903,-1.34,8.7,2.41
1567068344923,-1,9.16,1.49
1567068344944,-0.88,9.2,1.19
1567068344965,-0.8,8.85,1.57
1567068344986,-0.27,8.78,0.65
1567068345006,0.15,9.16,1.23
1567068345026,-0.15,10.46,2.11
1567068345046,-0.38,10.96,2.15
1567068345066,-0.27,10.73,2.95
1567068345086,0.42,10.69,2.53
1567068345106,-0.04,12.3,-0.54
1567068345126,-2.26,11.38,0.54
1567068345147,-1.34,12.3,-2.15
1567068345167,0.27,8.78,-3.64
1567068345187,2.76,8.97,-4.52
1567068345208,4.68,11.96,-5.25
1567068345228,3.99,12.42,-2.8
1567068345248,1.65,12.15,-0.8
1567068345268,0.38,11.23,-1.38
1567068345288,-0.38,9.47,-1.88
1567068345308,-0.23,7.97,-0.31
1567068345328,-0.42,6.09,-1.57
1567068345348,0,4.94,-0.77
1567068345368,0.15,4.14,-1.11
1567068345388,-0.31,3.91,-1.07
1567068345408,0.11,4.68,-1.03
1567068345428,0.84,5.21,-0.69
1567068345448,1.15,6.4,-0.92
1567068345468,1.03,7.47,-0.5
1567068345488,1.07,7.7,-0.34
1567068345508,1.23,7.7,-0.27
1567068345528,1.38,7.74,-0.19
1567068345548,0.8,7.17,0
1567068345568,0.23,6.44,0
1567068345588,0.23,6.25,0.11
1567068345608,0.8,6.28,-0.34
1567068345628,1.69,7.05,-0.23
1567068345648,2.07,9.5,-0.31
1567068345668,2.91,12.22,0.42
1567068345688,3.22,13.64,0.34
1567068345708,2.38,14.22,1.19
1567068345728,0.27,13.53,1.72
1567068345748,-1.84,14.94,-0.88
1567068345768,-1.19,13.6,-3.99
1567068345788,-1.92,10.88,-7.4
1567068345808,-1.19,10.73,-8.51
1567068345828,-2.87,9.47,-4.98
1567068345848,-2.26,12.03,-5.86
1567068345868,-1.15,12.3,-3.07
1567068345888,-0.5,11.96,-4.02
1567068345908,-0.38,10.31,-3.37
1567068345928,0.27,9.04,-2.76
1567068345948,0.42,7.28,-2.3
1567068345968,0.54,5.33,-2.03
1567068345988,0.04,3.91,-1.57
1567068346008,-0.46,3.68,-1.26
1567068346029,-0.5,3.33,-1.3
1567068346049,-0.42,3.64,-0.88
1567068346069,-0.46,4.02,-0.57
1567068346089,-0.46,4.64,-0.5
1567068346109,-0.77,5.52,0
1567068346129,-1.07,6.67,0.46
1567068346150,-1.19,7.47,0.46
1567068346170,-0.92,8.05,0.77
1567068346190,-0.84,8.39,0.96
1567068346211,-1.26,9.58,1.19
1567068346231,-1.95,10.08,0.54
1567068346251,-2.34,10.73,0.11
1567068346271,-2.15,12.07,0.69
1567068346291,-1.15,12.26,1.88
1567068346311,-0.08,12.61,3.22
1567068346331,-0.27,15.25,-2.18
1567068346352,-0.46,10.81,-3.95
1567068346372,1.42,10.38,-6.71
1567068346392,1.72,9.39,-5.21
1567068346412,3.64,11.84,-4.37
1567068346432,3.76,14.1,-3.3
1567068346453,1.42,12.88,-1.92
1567068346473,0.04,12.22,-3.03
1567068346493,-0.69,9.77,-2.8
1567068346513,-0.8,8.28,-2.61
1567068346533,-0.42,7.17,-1.57
1567068346553,-0.11,5.48,-0.65
1567068346573,-0.42,3.87,-1.03
1567068346593,-0.31,3.07,-0.92
1567068346613,0.19,2.84,-1.19
1567068346633,0.23,2.95,-1
1567068346653,0.34,3.41,-1.15
1567068346673,0.65,4.06,-0.73
1567068346693,0.54,4.56,-0.31
1567068346713,0.11,5.33,-0.19
1567068346733,-0.31,6.13,-0.31
1567068346753,-0.5,6.82,-0.92
1567068346773,-0.27,8.35,-0.73
1567068346793,0.92,11.07,-0.69
1567068346813,2.61,13.53,-0.34
1567068346833,3.37,15.06,0.34
1567068346853,3.3,15.44,0.15
1567068346873,2.15,14.1,1.3
1567068346893,-0.54,14.29,1.19
1567068346913,-2.15,14.41,-4.64
1567068346933,-2.22,10.04,-7.55
1567068346953,-1.8,8.78,-9.77
1567068346973,-2.49,9.77,-5.98
1567068346993,-2.45,11.96,-5.29
1567068347013,-0.61,12.72,-2.61
1567068347033,-0.27,12.03,-3.56
1567068347053,-0.11,9.7,-3.72
1567068347073,-0.31,8.89,-3.49
1567068347093,-0.04,7.4,-1.76
1567068347113,-0.23,5.36,-1.11
1567068347133,-0.42,4.37,-0.8
1567068347153,-0.42,3.72,-0.84
1567068347173,-0.27,3.41,-0.65
1567068347193,-0.31,3.1,-0.96
1567068347213,-0.27,3.14,-0.69
1567068347233,-0.46,3.95,-0.65
1567068347253,-0.57,4.48,-0.27
1567068347273,-0.46,5.86,0
1567068347293,-0.65,7.47,0.73
1567068347313,-0.8,9.01,0.11
1567068347333,-0.96,9.73,0.54
1567068347353,-1.53,10.38,0.88
1567068347373,-2.38,11.07,0.34
1567068347394,-2.61,12.49,0.5
1567068347414,-1.49,11.88,2.38
1567068347434,-1.07,11.88,3.22
1567068347455,0.69,13.41,0.57
1567068347476,-0.96,13.26,-5.02
1567068347496,0.96,8.55,-6.09
1567068347516,0.73,8.32,-9.12
1567068347536,3.18,11.15,-5.17
1567068347556,5.17,14.83,-4.75
1567068347576,3.37,14.68,-1.26
1567068347596,0.92,14.83,-2.91
1567068347616,-0.31,11.46,-2.41
1567068347636,-0.69,9.85,-2.07
1567068347656,-0.42,7.05,-1.8
1567068347676,-0.27,5.21,-0.77
1567068347696,-0.42,3.37,-0.69
1567068347716,-0.42,2.76,-0.96
1567068347736,-0.54,2.45,-1.23
1567068347756,-0.42,2.34,-1.23
1567068347776,-0.27,2.49,-1.23
1567068347796,0.11,2.72,-0.73
1567068347816,0.61,3.79,-0.19
1567068347836,0.61,4.87,0.34
1567068347856,0.23,6.02,0.46
1567068347877,0.15,7.59,-0.11
1567068347898,0.65,9.47,-0.5
1567068347919,2.11,11.69,1.03
1567068347940,2.07,12.38,-0.34
1567068347960,2.61,13.6,-0.46
1567068347980,2.11,14.18,0.08
1567068348000,0.73,12.91,1.99
1567068348020,-2.87,14.87,-1.42
1567068348040,-0.88,12.45,-6.25
1567068348060,-1.61,9.77,-10.04
1567068348080,-2.64,9.01,-10.27
1567068348100,-2.22,12.65,-5.75
1567068348120,-0.42,15.25,-1.42
1567068348140,0.04,14.22,-2.87
1567068348161,-0.11,11,-3.91
1567068348181,0.34,9.35,-4.06
1567068348201,0.69,7.4,-3.33
1567068348221,0.46,5.9,-2.07
1567068348241,-0.04,4.52,-1.61
1567068348261,-0.27,3.72,-1.46
1567068348281,-0.5,3.3,-1.11
1567068348301,-0.31,3.37,-0.92
1567068348321,-0.15,3.6,-1.15
1567068348341,-0.15,3.87,-0.8
1567068348361,-0.23,3.91,-0.11
1567068348381,-0.31,4.52,0.88
1567068348401,-0.42,5.67,0.69
1567068348421,-0.46,6.13,0.57
1567068348441,-0.88,7.13,1.03
1567068348461,-1.99,9.47,0.46
1567068348481,-2.61,11.5,0.77
1567068348501,-3.07,12.45,0.5
1567068348521,-2.38,13.53,1.11
1567068348541,-1.34,13.53,2.61
1567068348561,-0.08,14.06,3.33
1567068348581,-0.54,16.55,-2.8
1567068348601,0.08,10.31,-3.99
1567068348621,0.84,9.89,-8.7
1567068348641,1.84,9.01,-5.67
1567068348661,3.22,13.11,-3.95
1567068348681,3.95,14.18,-2.07
1567068348701,1.84,13.22,-2.26
1567068348721,0.19,10.88,-2.99
1567068348741,-0.19,9.04,-2.41
1567068348761,0.08,7.63,-1.65
1567068348781,0.34,6.44,-1.07
1567068348801,-0.34,3.99,-0.73
1567068348821,-0.73,2.64,-0.5
1567068348841,-0.5,2.07,-0.88
1567068348861,-0.27,2.34,-1
1567068348881,0.11,2.57,-1.34
1567068348901,0.46,3.22,-0.54
1567068348921,0.42,4.06,-0.31
1567068348941,0.61,5.06,0.04
1567068348961,0.34,6.67,0.92
1567068348981,-0.27,7.43,-0.73
1567068349001,0.34,8.58,0.19
1567068349021,1,10.61,0.31
1567068349041,1.84,12.88,0.61
1567068349061,2.53,13.37,0.65
1567068349081,3.3,14.18,0.57
1567068349101,2.68,13.6,1.46
1567068349121,-0.38,13.64,2.03
1567068349141,-1.69,14.91,-4.64
1567068349161,-2.18,11,-7.24
1567068349181,-1.49,9.7,-10.96
1567068349201,-2.53,11.34,-5.71
1567068349221,-3.26,13.95,-4.1
1567068349241,-0.61,13.53,-2.11
1567068349261,0.08,12.91,-3.87
1567068349281,0.54,10.69,-3.49
1567068349301,0.23,9.96,-3.56
1567068349321,-0.19,8.05,-2.57
1567068349341,-0.31,6.44,-2.38
1567068349361,-0.38,5.21,-1.34
1567068349381,-0.38,4.68,-0.88
1567068349401,-0.46,3.72,-0.96
1567068349421,-0.5,3.03,-0.42
1567068349441,-0.38,3.53,-1.53
1567068349461,-0.08,3.6,-1.49
1567068349481,0.23,3.64,-0.15
1567068349501,0.15,3.56,-0.15
1567068349522,0.04,5.52,0.88
1567068349542,-0.31,6.36,1.11
1567068349563,-0.5,8.12,1.19
1567068349583,-0.96,10.27,1.8
1567068349603,-2.18,11.65,1.38
1567068349623,-3.6,12.15,1.53
1567068349643,-3.03,13.07,1.92
1567068349663,-1.3,12.42,3.91
1567068349683,0.27,16.02,1.57
1567068349703,0.15,15.14,-4.64
1567068349723,2.87,8.62,-1.11
1567068349743,1.8,9.66,-8.62
1567068349763,2.99,11.27,-4.06
1567068349783,2.76,13.22,-4.14
1567068349803,1.42,12.95,-1.72
1567068349823,0.57,12.61,-0.61
1567068349843,-0.19,10.42,-1.61
1567068349863,-0.38,8.81,-0.84
1567068349883,0.31,7.59,-1.03
1567068349903,0.61,5.94,-0.88
1567068349923,0.42,4.25,-0.57
1567068349943,0.15,3.56,-0.84
1567068349964,-0.08,2.87,-1.76
1567068349985,0,2.91,-1.07
1567068350005,0.31,3.79,-0.73
1567068350026,0.34,4.41,-0.54
1567068350046,0.8,5.06,-0.46
1567068350066,1.07,5.67,0.54
1567068350086,0.61,6.71,0.54
1567068350106,0.27,7.43,0.46
1567068350126,0.38,8.78,0.19
1567068350146,1,10.42,0.27
1567068350166,2.07,11.61,0.54
1567068350186,3.1,12.95,-0.23
1567068350206,3.41,13.87,0.5
1567068350226,2.22,12.68,2.15
1567068350246,-1.84,13.8,0.8
1567068350266,-2.18,14.6,-5.33
1567068350286,-1.65,10.04,-5.33
1567068350306,-1.34,9.08,-10.08
1567068350326,-1.76,11.27,-6.4
1567068350346,-2.3,14.22,-3.1
1567068350366,-0.96,13.14,-1.99
1567068350386,0.31,12.11,-2.76
1567068350406,0.92,10.5,-2.95
1567068350426,0.65,8.97,-2.61
1567068350446,0.38,7.78,-1.65
1567068350466,0.15,6.09,-1.61
1567068350486,-0.15,5.06,-1.8
1567068350506,-0.5,4.25,-0.88
1567068350526,-1.07,3.83,-1.03
1567068350546,-0.54,3.91,-0.84
1567068350566,-0.11,3.95,-0.84
1567068350586,0.19,4.06,-0.61
1567068350606,-0.23,4.75,0.23
1567068350626,-0.57,5.48,1
1567068350646,-0.73,5.4,1
1567068350666,-0.84,6.28,1.19
1567068350686,-1.11,8.09,1.53
1567068350706,-1.49,9.7,1.49
1567068350726,-1.88,9.81,1.23
1567068350746,-2.45,9.81,0.38
1567068350766,-1.69,10.69,1.38
1567068350786,-0.5,12.42,3.07
1567068350806,0.34,13.91,3.6
1567068350826,0.15,18.13,-1.46
1567068350846,-0.27,10.54,-1.3
1567068350866,0.31,12.19,-6.78
1567068350887,-0.08,8.66,-5.4
1567068350908,1.69,10.92,-4.22
1567068350929,3.18,13.64,-2.84
1567068350949,1.72,12.26,-2.15
1567068350970,1.38,12.19,-2.07
1567068350990,1.19,10.12,-2.34
1567068351011,0.84,8.97,-2.8
1567068351031,0.23,6.94,-1
1567068351051,-0.77,5.02,-0.92
1567068351071,-1.03,4.1,-0.42
1567068351091,-0.96,3.72,-0.42
1567068351111,-0.65,3.33,-0.42
1567068351131,-0.46,3.64,-0.77
1567068351151,-0.15,3.95,-0.92
1567068351171,0.27,4.25,-0.57
1567068351191,0.34,4.79,-0.46
1567068351211,0.15,5.52,-0.38
1567068351231,0.04,6.74,-0.69
1567068351251,0.57,7.17,-0.27
1567068351271,1.03,9.08,-0.27
1567068351291,2.03,11.99,0.57
1567068351311,2.8,13.11,0.5
1567068351331,3.07,13.41,0.46
1567068351353,2.72,13.26,1.53
1567068351373,1.42,12.3,2.26
1567068351393,-1.42,12.57,1.26
1567068351413,-1.23,14.1,-5.94
1567068351434,-0.88,9.43,-5.98
1567068351454,-1.15,9.66,-10.08
1567068351475,-2.68,12.38,-6.17
1567068351495,-3.26,13.68,-3.68
1567068351515,-0.88,13.3,-3.26
1567068351535,-0.57,12.88,-3.37
1567068351555,-0.77,11.07,-3.14
1567068351575,-0.27,8.7,-1.92
1567068351596,-0.5,7.51,-2.07
1567068351616,-0.57,5.56,-1.03
1567068351636,-0.73,4.06,-0.54
1567068351656,-0.42,3.1,-0.69
1567068351676,-0.27,3.03,-1.07
1567068351696,-0.08,2.53,-0.8
1567068351716,-0.08,2.8,-0.88
1567068351736,0.04,3.83,0
1567068351756,0,5.02,-0.08
1567068351776,-0.23,6.51,0.19
1567068351796,-0.57,7.2,-0.08
1567068351816,-0.38,7.59,0.38
1567068351836,-0.15,9.27,0.27
1567068351856,-0.38,10.5,1.15
1567068351876,-1.07,11.27,-0.23
1567068351896,-1.46,12.22,0.11
1567068351916,-1.69,13.22,1.42
1567068351936,-1.49,13.45,2.61
1567068351956,-0.08,15.6,0.77
1567068351976,-2.72,12.49,-3.18
1567068351996,0.15,10.42,-3.91
1567068352016,0.11,9.16,-9.04
1567068352036,2.61,9.27,-6.13
1567068352056,3.83,13.18,-3.53
1567068352076,1.76,12.95,-2.53
1567068352096,1.15,13.14,-1.34
1567068352116,0.15,10.65,-3.22
1567068352136,-0.27,9.01,-2.49
1567068352156,0,7.47,-2.03
1567068352176,0.11,5.48,-1.88
1567068352196,-0.23,4.18,-0.96
1567068352217,-0.46,3.95,-1.19
1567068352238,-0.42,3.64,-1.49
1567068352259,-0.31,3.64,-1.38
1567068352279,-0.11,2.72,-1.3
1567068352300,0.31,2.64,-1.23
1567068352320,0.61,3.41,-0.69
1567068352341,0.96,3.91,-0.42
1567068352361,0.54,5.29,-0.54
1567068352382,0.31,7.09,0.04
1567068352402,0.5,9.66,-0.46
1567068352422,1.03,11.8,-0.69
1567068352442,1.76,12.99,-0.77
1567068352462,2.45,14.03,-1.3
1567068352482,2.57,14.79,-0.31
1567068352502,1.88,14.18,1.49
1567068352522,-0.15,14.75,-0.61
1567068352542,0.77,15.14,-5.44
1567068352562,-0.8,12.03,-8.09
1567068352583,-1.19,8.47,-11.19
1567068352603,-1.38,9.08,-8.28
1567068352624,-1.15,12.49,-6.05
1567068352644,-0.42,11.88,-3.56
1567068352664,-0.5,12.03,-3.99
1567068352685,-0.27,8.85,-3.79
1567068352705,0.04,8.28,-3.03
1567068352725,-0.11,6.28,-2.03
1567068352745,0.04,4.98,-1.46
1567068352765,0.23,4.18,-1.23
1567068352785,0.27,3.72,-1.53
1567068352805,0.31,3.6,-1.57
1567068352825,0.11,3.64,-1.15
1567068352845,-0.5,4.52,-1.03
1567068352865,-0.73,4.83,-0.46
1567068352885,-1.15,6.02,-0.69
1567068352905,-1.34,6.94,-0.23
1567068352926,-1.34,7.17,0.15
1567068352946,-1.07,7.7,0.54
1567068352966,-0.54,8.93,0.38
1567068352986,-0.15,9.7,0.69
1567068353006,-0.69,10.04,0.8
1567068353026,-1.57,11.38,0.5
1567068353046,-1.65,12.95,0.38
1567068353066,-1.26,12.03,1.8
1567068353086,0.04,12.11,0.84
1567068353106,0.88,15.44,-3.1
1567068353126,0.61,9.81,-5.94
1567068353146,1.69,7.89,-8.47
1567068353166,2.34,9.16,-7.09
1567068353186,4.14,13.53,-5.9
1567068353206,3.18,14.56,-2.91
1567068353226,1.03,13.49,-2.03
1567068353246,0.34,12.26,-3.1
1567068353266,0.27,9.43,-2.91
1567068353286,0.42,8.74,-2.57
1567068353306,0.19,6.59,-2.15
1567068353326,-0.54,5.06,-1.34
1567068353347,-1.19,3.95,-0.88
1567068353367,-1.07,3.41,-1.23
1567068353387,-0.46,3.87,-0.57
1567068353407,-0.11,4.06,-0.77
1567068353427,0.11,3.6,-0.61
1567068353448,0.23,3.68,-0.11
1567068353468,0,4.37,0.5
1567068353488,-0.31,4.79,0.38
1567068353508,-0.92,5.06,-0.42
1567068353528,-0.54,5.59,-0.27
1567068353548,0.38,7.24,-0.92
1567068353568,1.69,9.89,-1.15
1567068353588,2.91,13.37,0.11
1567068353608,2.64,14.94,-0.19
1567068353628,2.53,15.02,0.88
1567068353648,1.69,14.26,2.03
1567068353668,-0.8,14.49,1.84
1567068353688,-4.56,15.86,-3.33
1567068353708,-0.65,9.62,-7.01
1567068353728,-1.3,8.97,-10.04
1567068353748,0.31,8.93,-10.5
1567068353768,-1.34,10.96,-6.82
1567068353788,-2.34,14.94,-2.03
1567068353808,-0.61,12.72,-2.45
1567068353828,0.77,10.88,-2.91
1567068353848,0.73,9.5,-3.03
1567068353868,0.31,7.47,-2.64
1567068353888,0.27,6.21,-2.64
1567068353908,0.27,4.68,-1.95
1567068353928,-0.27,4.1,-1.49
1567068353948,-0.8,3.6,-0.88
1567068353968,-0.73,4.06,-1.03
1567068353989,-0.27,4.1,-1.53
1567068354009,-0.19,4.64,-1.42
1567068354029,0.04,4.22,-0.31
1567068354052,-0.23,5.36,-0.27
1567068354072,-0.46,5.9,-0.04
1567068354092,-0.34,6.44,1.88
1567068354112,-0.77,6.55,0.19
1567068354132,-0.54,9.16,1
1567068354152,-1.07,10.65,0.69
1567068354172,-1.69,10.88,0.27
1567068354192,-2.38,12.61,-0.38
1567068354212,-1.72,13.6,1.65
1567068354233,-0.11,13.8,3.1
1567068354253,1.38,15.48,1.99
1567068354273,-0.57,15.4,-3.37
1567068354293,0.65,9.92,-2.03
1567068354313,0.27,10.46,-8.74
1567068354333,0.69,8.12,-6.74
1567068354353,2.03,12.11,-6.36
1567068354373,2.11,12.3,-2.34
1567068354393,1.07,12.61,-1.38
1567068354413,0,10.73,-2.41
1567068354433,0,8.74,-1.34
1567068354453,0.38,7.78,-1.76
1567068354474,0.54,5.48,-1.34
1567068354495,0.42,4.14,-1.34
1567068354516,-0.04,3.22,-1.46
1567068354536,-0.34,3.53,-1.76
1567068354556,-0.23,3.99,-0.88
1567068354576,0,3.79,-1.72
1567068354596,0.38,3.76,-0.57
1567068354616,0.61,4.02,0.19
1567068354636,0.34,4.6,0.08
1567068354656,-0.11,5.21,-0.08
1567068354676,-0.57,6.05,-0.31
1567068354696,-0.38,7.93,0.15
1567068354716,0.96,10.31,-0.11
1567068354736,2.53,12.03,-0.04
1567068354756,2.72,13.41,-0.31
1567068354776,2.99,14.91,-0.04
1567068354796,1.76,14.33,1.26
1567068354816,-0.19,13.68,2.26
1567068354836,-3.76,14.06,-1.72
1567068354856,-1.38,12.26,-6.51
1567068354876,-1.19,9.35,-7.7
1567068354896,-1.92,8.74,-10.12
1567068354916,-1.72,11.11,-7.05
1567068354936,-0.73,14.33,-2.22
1567068354956,-0.08,13.3,-2.15
1567068354976,-0.04,11.61,-2.49
1567068354996,-0.31,9.77,-2.41
1567068355016,-0.11,8.09,-2.22
1567068355036,-0.23,6.55,-2.07
1567068355056,0.04,4.75,-1.23
1567068355076,-0.31,3.83,-1.57
1567068355096,-0.42,3.95,-1.95
1567068355116,-0.46,3.87,-0.27
1567068355136,-0.38,3.79,-1.3
1567068355156,0.08,4.33,-0.42
1567068355176,-0.04,4.87,-0.69
1567068355196,-0.34,5.1,0
1567068355216,-0.65,5.82,0.57
1567068355237,-0.61,6.48,1.03
1567068355257,-0.5,7.51,0.92
1567068355278,-0.34,9.24,0.8
1567068355298,-0.5,9.85,0.92
1567068355318,-1.72,10.46,0.92
1567068355338,-2.61,12.03,0.69
1567068355358,-1.03,11.42,2.26
1567068355378,-0.27,11.23,3.1
1567068355398,0.5,15.6,0.42
1567068355418,-1,11.04,-6.9
1567068355438,1.07,6.44,-5.13
1567068355458,-0.04,10.88,-9.66
1567068355478,3.76,14.56,-2.57
1567068355498,4.22,18.59,-2.61
1567068355518,2.03,14.26,-0.8
1567068355538,1.34,13.68,-2.53
1567068355558,0.54,10.27,-2.26
1567068355578,0.38,9.2,-2.22
1567068355598,0.42,7.09,-1.76
1567068355618,-0.27,5.06,-0.15
1567068355638,-0.69,3.3,-0.04
1567068355658,-0.38,3.3,-0.54
1567068355678,0.04,3.26,-0.77
1567068355698,0.23,3.14,-0.46
1567068355718,0.84,3.33,-0.15
1567068355738,0.96,3.68,-0.27
1567068355758,0.8,3.83,0.31
1567068355778,0.23,4.6,-0.08
1567068355798,-0.27,5.33,-0.42
1567068355818,-0.31,6.97,0.04
1567068355838,0.31,9.43,-0.04
1567068355858,1.76,10.81,0.34
1567068355878,2.84,12.91,0.61
1567068355898,2.99,14.68,1.38
1567068355918,2.07,13.26,2.72
1567068355938,-0.04,13.18,2.72
1567068355958,-3.95,15.29,-3.1
1567068355978,-1,9.5,-5.25
1567068355998,-0.88,9.27,-9.08
1567068356018,-1.19,10.04,-7.32
1567068356038,-1.95,14.37,-5.02
1567068356058,-1.42,14.03,-2.18
1567068356078,0.34,13.07,-2.03
1567068356100,0.46,11.61,-2.72
1567068356121,0.27,9.54,-3.56
1567068356141,0.15,7.93,-1.72
1567068356161,-0.04,6.51,-2.03
1567068356181,-0.11,5.9,-0.57
1567068356201,-0.73,5.21,-0.54
1567068356221,-1.11,4.48,-1.03
1567068356242,-0.5,3.95,-0.73
1567068356263,-0.15,3.91,-1.11
1567068356284,0.15,3.91,-0.8
1567068356305,0.34,3.91,-0.61
1567068356325,-0.04,4.25,-0.31
1567068356346,-0.15,5.25,0.65
1567068356366,-0.23,6.28,0.77
1567068356386,0,7.97,0.84
1567068356406,-0.46,9.39,0.88
1567068356426,-2.26,10.61,0.77
1567068356446,-3.3,12.19,0.5
1567068356466,-2.57,12.26,2.18
1567068356486,-1.11,12.53,3.26
1567068356506,2.03,16.29,0.15
1567068356526,0.27,15.06,-5.29
1567068356546,1.72,10,-5.21
1567068356566,0.88,9.77,-9.89
1567068356586,2.03,13.95,-5.4
1567068356606,2.57,15.67,-3.1
1567068356626,1.11,14.18,-1.03
1567068356646,-0.11,12.49,-0.84
1567068356666,-0.84,9.43,-2.11
1567068356686,-0.34,7.93,-2.07
1567068356706,0.11,5.94,-1.95
1567068356726,0.08,3.91,-1.07
1567068356746,-0.23,3.3,-1.07
1567068356766,-0.23,3.1,-0.65
1567068356786,-0.27,2.91,-0.88
1567068356806,-0.23,3.18,-0.77
1567068356826,0.15,2.99,-0.46
1567068356846,0.38,2.68,0
1567068356866,0.5,3.33,0.34
1567068356886,0.08,4.52,0.23
1567068356906,-0.34,6.05,0.46
1567068356926,-0.11,8.39,0.54
1567068356946,1.38,11.04,0.27
1567068356966,3.37,12.65,-0.11
1567068356986,3.76,14.71,-0.42
1567068357006,3.49,14.94,1.19
1567068357026,1.8,14.03,2.07
1567068357046,-0.34,13.14,2.45
1567068357066,-5.44,14.03,-0.92
1567068357086,-1.65,12.95,-6.36
1567068357106,-1.3,6.94,-6.63
1567068357128,-1.3,8.7,-10.42
1567068357148,-0.54,12.91,-5.36
1567068357168,-1.61,14.91,-2.22
1567068357188,-0.23,13.87,-1.3
1567068357208,0.57,11.99,-2.41
1567068357228,0.31,9.7,-2.38
1567068357248,0.23,7.89,-1.76
1567068357268,-0.19,6.63,-1.57
1567068357288,-0.19,4.79,-1.42
1567068357308,-0.31,4.22,-1.38
1567068357328,-0.23,3.87,-0.73
1567068357348,0,3.99,-0.96
1567068357368,0.23,4.14,-0.31
1567068357388,0.42,3.99,-0.57
1567068357408,0.31,3.87,0.19
1567068357428,-0.27,4.75,0.73
1567068357448,-0.65,5.71,0.73
1567068357468,-0.73,6.44,1.03
1567068357488,-0.65,7.93,0.73
1567068357508,-0.8,9.12,1.26
1567068357528,-2.38,10.31,0.8
1567068357548,-3.79,11.3,0.42
1567068357568,-2.15,11.8,1.69
1567068357588,-0.31,12.34,2.99
1567068357608,1.49,16.59,1.61
1567068357628,0.42,15.9,-6.97
1567068357648,1.92,5.75,-2.76
1567068357668,1.38,11.69,-9.39
1567068357688,2.53,13.49,-2.87
1567068357708,3.1,17.36,-2.34
1567068357728,1.53,13.83,-1.26
1567068357748,0.5,12.22,-1.38
1567068357768,-0.08,9.85,-2.38
1567068357788,0.38,8.28,-2.03
1567068357808,1,6.55,-0.96
1567068357828,0.34,4.91,-0.69
1567068357848,0.08,4.02,-0.46
1567068357868,-0.15,3.76,-0.46
1567068357888,-0.11,3.53,-0.5
1567068357908,-0.11,3.68,-0.61
1567068357928,0.15,3.79,-0.57
1567068357948,0.5,3.91,-0.57
1567068357968,0.61,4.45,-0.04
1567068357988,0.31,5.13,0.31
1567068358008,-0.04,5.9,-0.31
1567068358028,-0.11,6.44,0.04
1567068358048,0.54,8.58,0.11
1567068358068,1.65,10.73,0.46
1567068358089,3.07,12.3,-0.15
1567068358109,3.99,13.49,0.73
1567068358130,3.07,13.49,1.46
1567068358150,-1.26,15.48,0.23
1567068358170,-1.03,16.4,-6.4
1567068358191,-1,10.5,-7.13
1567068358211,-1.95,10.81,-7.28
1567068358231,-2.3,13.87,-4.98
1567068358251,-3.64,13.53,-2.3
1567068358271,-1.49,12.49,-2.53
1567068358291,0.04,11.84,-3.18
1567068358311,0.57,10.58,-2.99
1567068358331,0.61,9.43,-1.88
1567068358353,0.34,7.51,-1.72
1567068358373,0.42,6.17,-1.23
1567068358393,-0.11,5.02,-1.15
1567068358413,-0.8,4.45,-0.57
1567068358433,-0.88,3.87,-1.11
1567068358453,-0.34,3.64,-1.26
1567068358473,0.23,3.72,-1.23
1567068358493,0.23,3.72,-0.92
1567068358513,-0.11,3.99,0.57
1567068358533,-0.65,5.1,0.61
1567068358553,-0.57,5.86,1.11
1567068358574,-0.5,6.67,0.84
1567068358594,-0.27,7.66,0.46
1567068358615,-0.84,9.35,0.65
1567068358635,-1.61,11.42,1.61
1567068358656,-2.15,11.34,0.5
1567068358677,-2.3,12.19,1.72
1567068358697,-1.19,11.57,2.84
1567068358718,-0.31,17.74,-1.84
1567068358738,-0.61,12.42,-3.22
1567068358758,0.61,11.46,-8.39
1567068358778,1.19,8.93,-4.56
1567068358798,3.83,14.14,-6.67
1567068358818,4.1,14.22,-1.3
1567068358838,1.07,15.14,-2.45
1567068358858,0.31,12.15,-2.11
1567068358878,-0.27,10.46,-2.3
1567068358898,0.61,8.78,-1.57
1567068358918,0.31,6.94,-1.03
1567068358938,-0.11,4.83,-0.46
1567068358958,-0.38,3.64,-0.34
1567068358978,-0.61,3.03,-0.65
1567068358998,-0.34,2.76,-0.69
1567068359018,-0.42,2.15,-1
1567068359038,-0.04,2.3,-0.11
1567068359058,0.31,2.87,-0.04
1567068359078,0.77,3.41,0.23
1567068359098,0.46,4.37,0
1567068359118,0.08,5.67,-0.46
1567068359138,0.31,8.01,0
1567068359158,1.23,9.66,-0.8
1567068359178,2.64,11.8,-0.57
1567068359198,2.95,12.42,0.54
1567068359218,2.84,13.18,-0.54
1567068359238,2.22,13.95,0.69
1567068359258,0.57,13.64,2.15
1567068359278,-2.91,13.37,1.72
1567068359298,-4.48,14.03,-3.76
1567068359318,-0.69,10.5,-5.48
1567068359338,-1.26,10.77,-9.04
1567068359358,-0.73,9.35,-7.05
1567068359378,-0.5,11.11,-6.09
1567068359398,-1,12.91,-2.38
1567068359418,-0.61,12.84,-2.38
1567068359438,-0.88,11.42,-3.18
1567068359458,-0.61,9.58,-1.34
1567068359478,-0.42,7.66,-1.69
1567068359498,-0.34,5.86,-1.15
1567068359518,-0.38,4.75,-0.77
1567068359538,-0.08,3.68,-1.23
1567068359558,-0.08,3.49,-1
1567068359578,-0.15,3.26,-0.96
1567068359598,-0.11,3.79,-0.42
1567068359618,-0.38,4.29,-0.38
1567068359638,-0.42,5.02,0.38
1567068359658,-0.5,6.4,0.46
1567068359678,-0.57,6.78,-0.23
1567068359698,-0.8,6.74,1.34
1567068359718,-1.49,8.09,0.19
1567068359738,-1.34,10.54,0.88
1567068359758,-1.92,11.42,0.5
1567068359778,-2.53,11.96,0.84
1567068359798,-1.88,12.19,1.49
1567068359818,-0.77,11.46,2.64
1567068359838,1.65,14.1,0.77
1567068359858,0.73,13.64,-6.97
1567068359878,1.53,8.58,-6.17
1567068359898,1.38,9.89,-9.92
1567068359918,2.41,13.37,-2.68
1567068359938,3.68,17.9,-3.33
1567068359958,1.72,14.75,-0.08
1567068359978,0.8,13.53,-2.76
1567068359998,0.31,10.27,-3.41
1567068360018,0.77,9.01,-2.61
1567068360038,0.31,7.05,-1.8
1567068360058,-0.27,4.6,-0.57
1567068360078,-0.96,3.07,-0.84
1567068360098,-0.92,3.3,-1
1567068360118,-0.57,2.99,-0.73
1567068360138,-0.46,2.8,-0.73
1567068360158,-0.04,2.8,-0.38
1567068360178,0.23,2.91,-0.57
1567068360198,0.42,3.33,-0.27
1567068360218,0.04,4.48,0.38
1567068360238,-0.31,5.17,-0.31
1567068360259,-0.42,6.59,-0.5
1567068360279,0.27,8.35,-0.46
1567068360299,1.3,11.34,-0.31
1567068360320,2.95,12.84,0.34
1567068360340,3.79,14.45,0.46
1567068360360,3.3,15.1,1.88
1567068360380,1.19,14.1,2.91
1567068360401,-3.64,17.67,-2.61
1567068360421,-2.3,11.42,-6.09
1567068360441,-1.61,9.96,-11.3
1567068360461,-3.14,10.15,-8.01
1567068360481,-3.6,13.72,-5.44
1567068360501,-1.42,13.91,-1.72
1567068360521,-0.08,13.07,-3.49
1567068360542,0.38,11.19,-3.07
1567068360562,0.54,9.89,-3.14
1567068360583,0.31,7.86,-2.61
1567068360603,0.31,6.09,-2.11
1567068360623,0.23,5.25,-1.65
1567068360643,-0.38,4.22,-1.46
1567068360663,-0.46,3.41,-1.07
1567068360685,-0.38,3.49,-1.61
1567068360705,0,3.41,-2.07
1567068360725,-0.11,3.37,0.19
1567068360745,-0.46,3.22,-0.84
1567068360766,-0.54,4.45,0.38
1567068360786,-0.46,5.06,0.77
1567068360806,-0.65,5.86,1.07
1567068360826,-0.88,7.7,1.23
1567068360846,-0.88,9.92,1.34
1567068360866,-1.34,10.77,1.49
1567068360886,-2.41,11.73,0.84
1567068360906,-2.15,12.95,0.73
1567068360927,-0.69,13.03,3.26
1567068360947,0.27,12.76,3.56
1567068360967,2.68,14.98,0.04
1567068360987,0.08,13.76,-5.36
1567068361007,1,7.66,-3.95
1567068361027,-0.5,9.73,-9.73
1567068361047,2.11,11.57,-4.06
1567068361067,3.3,15.6,-4.25
1567068361088,1.88,14.56,-1.07
1567068361108,0.8,13.22,-2.07
1567068361128,0.23,10.54,-2.61
1567068361149,0.38,8.81,-1.3
1567068361169,0.61,7.24,-0.92
1567068361189,0.27,4.48,-0.96
1567068361209,-0.11,2.99,-1.23
1567068361230,-0.38,2.38,-1.23
1567068361250,-0.61,2.41,-1.42
1567068361270,-0.54,2.57,-1.11
1567068361291,-0.34,2.87,-1.42
1567068361311,0.5,3.49,-0.38
1567068361331,0.73,4.14,-0.19
1567068361353,0.73,5.33,0.04
1567068361373,0.31,6.17,-0.04
1567068361393,0.46,7.82,0.08
1567068361413,1.38,10.5,0.31
1567068361433,2.61,12.26,0.38
1567068361453,3.95,12.95,-0.54
1567068361473,3.83,13.76,-0.65
1567068361493,2.15,13.72,1.92
1567068361513,-0.38,13.99,1.03
1567068361533,-2.11,15.71,-4.18
1567068361553,-1.8,12.68,-5.52
1567068361573,-1.15,10.5,-10.38
1567068361593,-2.45,8.85,-7.24
1567068361613,-3.14,11.84,-4.37
1567068361633,0,12.53,-1.99
1567068361653,0.04,11.61,-2.87
1567068361673,0.54,9.92,-3.37
1567068361693,0.27,9.27,-2.45
1567068361713,-0.5,7.55,-2.68
1567068361733,-0.42,6.21,-2.22
1567068361753,-0.04,5.17,-0.69
1567068361773,-0.5,4.64,-1.72
1567068361793,-0.15,4.64,-0.65
1567068361813,-0.23,4.14,-0.8
1567068361833,-0.23,3.91,-0.73
1567068361853,-0.31,4.29,-0.69
1567068361873,-0.15,4.71,-0.23
1567068361893,-0.31,5.79,0.23
1567068361913,-0.54,6.17,0.96
1567068361933,-0.54,6.36,0.88
1567068361953,-0.54,7.74,0.5
1567068361973,-0.34,9.5,0.8
1567068361994,-1.19,9.89,0.61
1567068362014,-2.91,10.81,0.61
1567068362035,-2.72,11.99,0.8
1567068362055,-1.03,12.42,3.26
1567068362075,0.46,15.14,2.38
1567068362095,0.27,14.91,-3.72
1567068362116,0.88,10.27,-3.41
1567068362136,0.77,9.81,-7.51
1567068362156,0.57,9.01,-4.45
1567068362176,2.45,11.92,-3.03
1567068362197,3.37,13.87,-2.07
1567068362218,1.65,13.37,-1.69
1567068362239,0.92,12.15,-2.95
1567068362260,0.54,10.35,-2.3
1567068362281,0.88,8.97,-1.57
1567068362301,0.84,7.74,-0.84
1567068362321,0.15,5.21,-0.8
1567068362341,-0.34,3.87,-0.46
1567068362361,-0.34,3.56,-0.84
1567068362381,-0.31,2.91,-0.88
1567068362401,-0.15,2.95,-0.77
1567068362421,0.27,3.68,-0.69
1567068362441,0.42,4.14,-0.61
1567068362461,0.54,5.06,-0.27
1567068362481,0.34,6.02,0.31
1567068362501,0.23,6.78,-0.34
1567068362521,0.08,7.55,0.08
1567068362541,0.23,10.04,0.15
1567068362561,1.53,11.84,0.42
1567068362581,2.72,12.68,0.42
1567068362601,3.18,13.34,0.61
1567068362621,2.68,12.91,1.92
1567068362641,-0.04,12.68,2.76
1567068362661,-5.1,15.44,-2.61
1567068362681,-2.53,10.42,-5.63
1567068362701,-1.53,9.89,-10.84
1567068362721,-0.08,10.15,-6.86
1567068362741,-2.3,12.03,-4.68
1567068362761,-1.23,13.95,-1.88
1567068362781,-0.38,12.68,-1.99
1567068362801,-0.54,10.77,-3.49
1567068362821,-0.34,9.77,-3.22
1567068362841,-0.38,8.74,-2.38
1567068362861,-0.46,6.48,-1.26
1567068362881,-0.42,5.67,-0.8
1567068362901,-0.57,4.56,-0.34
1567068362921,-0.54,3.95,-0.5
1567068362941,-0.57,3.64,-0.77
1567068362961,-0.27,3.49,-0.8
1567068362981,-0.11,3.45,-1.03
1567068363002,0.19,4.52,-0.73
1567068363022,-0.11,5.4,0.34
1567068363043,-0.46,7.13,0.8
1567068363063,-0.5,7.74,0.88
1567068363083,-0.61,8.78,0.57
1567068363103,-0.46,10.04,0.73
1567068363123,-1.34,10.38,0.96
1567068363143,-2.3,11.07,0.73
1567068363163,-2.07,11.65,1.07
1567068363183,-0.61,11.99,2.95
1567068363203,0.27,12.19,3.07
1567068363223,1.72,14.91,-1.57
1567068363243,-0.27,10.84,-2.8
1567068363263,0.54,8.97,-6.74
1567068363283,-0.31,8.24,-6.05
1567068363303,0.65,9.77,-4.83
1567068363323,3.18,16.29,-2.84
1567068363343,1.88,14.29,-0.92
1567068363363,1.23,13.87,-2.15
1567068363383,0.23,11.3,-1.46
1567068363403,-0.23,9.92,-1.84
1567068363423,0.11,7.86,-1.07
1567068363443,-0.42,5.48,-0.38
1567068363463,-0.84,4.06,-0.38
1567068363483,-0.88,3.26,-0.88
1567068363503,-0.65,2.87,-0.77
1567068363523,-0.61,2.84,-0.8
1567068363543,-0.19,3.1,-0.57
1567068363563,0.54,3.68,-0.23
1567068363583,0.73,4.22,0.11
1567068363603,0.34,5.25,0.11
1567068363623,-0.08,6.02,0.27
1567068363643,0.15,6.63,0.46
1567068363663,0.73,7.78,0.42
1567068363683,1.76,9.7,0.46
1567068363703,2.91,11.19,0.42
1567068363724,3.68,12.26,0
1567068363745,2.84,13.68,1.07
1567068363766,1.23,12.03,2.49
1567068363786,-2.22,13.53,-0.23
1567068363806,-2.45,14.45,-4.41
1567068363826,-2.34,11.61,-7.82
1567068363846,-1.61,10.58,-9.62
1567068363866,-2.91,10.77,-6.78
1567068363886,-2.95,15.4,-2.87
1567068363906,-0.46,14.71,-2.8
1567068363926,-1.15,13.18,-2.84
1567068363946,-0.19,11,-3.33
1567068363966,0.65,9.2,-3.03
1567068363986,0.31,7.28,-1.72
1567068364006,-0.04,5.67,-0.42
1567068364026,-0.23,4.6,-0.8
1567068364046,-0.46,3.68,-0.69
1567068364066,-0.54,2.95,-0.65
1567068364086,-0.27,2.8,-0.69
1567068364106,0.19,2.87,-0.46
1567068364126,0,3.6,-0.27
1567068364146,-0.31,4.64,-0.15
1567068364166,-0.8,6.09,0.65
1567068364186,-1.07,7.24,1.11
1567068364206,-1.19,7.74,0.84
1567068364226,-0.77,9.16,0.77
1567068364246,-0.57,9.96,1.19
1567068364266,-1.07,10.12,1.26
1567068364286,-1.88,10.84,0.38
1567068364306,-1.92,11.8,1.46
1567068364326,-1.72,11.23,2.49
1567068364346,-0.31,12.11,3.14
1567068364366,0.61,16.21,-3.07
1567068364386,0.19,9.24,-3.49
1567068364407,1.65,9.31,-7.59
1567068364428,1.03,10.5,-4.64
1567068364448,0.34,12.68,-4.6
1567068364468,2.07,15.02,-3.18
1567068364489,1.72,14.33,-0.57
1567068364509,0.11,12.72,-2.61
1567068364529,0.11,10.42,-1.57
1567068364550,0.46,8.16,-0.84
1567068364570,0.5,6.71,-1
1567068364590,-0.11,4.83,-0.61
1567068364610,-0.38,3.22,-0.65
1567068364631,-0.42,2.72,-0.8
1567068364651,-0.27,3.03,-0.61
1567068364671,-0.11,3.49,-0.31
1567068364691,0.23,4.06,-0.65
1567068364711,0.61,4.48,0
1567068364731,0.54,4.94,-0.23
1567068364751,0.46,5.13,-0.23
1567068364771,0.42,6.44,0.46
1567068364791,0.57,8.01,0.57
1567068364811,1.03,9.7,0.31
1567068364831,1.53,11.04,1.53
1567068364851,2.07,11.3,0.19
1567068364871,2.99,12.65,0.69
1567068364891,2.38,12.68,1.57
1567068364911,1.42,11.27,2.61
1567068364931,-2.38,12.22,1.65
1567068364951,-4.64,16.94,-6.9
1567068364971,-1.19,10,-6.63
1567068364991,-1.49,8.85,-10.58
1567068365011,-2.11,12.88,-4.41
1567068365031,-1.95,16.48,-0.88
1567068365051,-0.34,14.98,-1.84
1567068365071,-0.69,12.91,-1.88
1567068365091,0.15,10.23,-3.14
1567068365111,0.31,8.81,-2.91
1567068365131,0.23,6.44,-1.88
1567068365151,0.15,5.13,-1.23
1567068365171,0,4.41,-0.73
1567068365191,-0.61,4.22,-0.42
1567068365211,-0.69,4.71,-1
1567068365231,-0.46,4.25,-1
1567068365251,-0.08,3.64,-0.61
1567068365271,-0.27,3.53,-0.54
1567068365291,-0.34,4.29,0.54
1567068365311,-0.42,4.71,0
1567068365331,-0.23,5.1,0.5
1567068365352,-0.42,5.4,1.46
1567068365372,-0.92,8.28,0.69
1567068365392,-1.3,10.5,1.38
1567068365412,-2.68,10.96,1.3
1567068365432,-3.33,12.34,0.8
1567068365452,-1.88,12.84,2.38
1567068365473,-0.54,13.11,3.33
1567068365493,0.34,12.76,3.49
1567068365514,2.38,15.9,-2.07
1567068365535,-0.42,10.35,-2.41
1567068365555,0.73,8.16,-6.71
1567068365575,0.73,9.04,-8.43
1567068365595,1.88,14.14,-6.21
1567068365615,3.53,16.02,-2.11
1567068365635,1.42,14.98,-0.8
1567068365655,-0.34,12.03,-1.11
1567068365675,-0.42,9.47,-1.61
1567068365695,0.19,7.13,-1.42
1567068365715,0.34,5.48,-1.11
1567068365735,-0.5,4.22,-1.11
1567068365755,-0.57,3.45,-1.19
1567068365775,-0.57,3.53,-1.42
1567068365795,-0.23,3.64,-1.26
1567068365815,-0.23,3.72,-0.57
1567068365835,0.23,4.02,-1.19
1567068365855,0.8,4.25,-1.03
1567068365875,1.07,4.91,0.08
1567068365895,0.61,5.4,-0.38
1567068365915,0.8,6.82,0
1567068365935,1.19,7.66,-0.42
1567068365955,1.34,9.39,0.31
1567068365975,1.8,11.84,-0.38
1567068365995,3.18,12.99,-0.5
1567068366015,3.56,13.72,-0.5
1567068366035,2.3,13.64,0.96
1567068366055,0.23,12.95,2.49
1567068366076,-3.26,14.71,-1.07
1567068366096,-2.03,12.42,-3.49
1567068366116,-2.68,10.73,-7.86
1567068366136,-1.8,8.12,-8.47
1567068366156,-2.18,10.58,-6.74
1567068366176,-2.07,12.95,-2.57
1567068366196,-0.08,13.8,-1.88
1567068366216,0.19,11.69,-2.61
1567068366236,0.23,9.81,-2.11
1567068366256,0.34,8.12,-1.8
1567068366276,-0.11,6.59,-0.96
1567068366296,-0.27,5.33,-0.92
1567068366316,-0.23,4.37,-0.5
1567068366336,-0.46,3.99,-0.42
1567068366356,-0.54,3.91,-0.73
1567068366376,-0.54,3.99,-0.54
1567068366396,-0.46,4.29,-0.57
1567068366417,-0.5,4.91,0.15
1567068366437,-0.57,6.02,0.5
1567068366457,-1,6.44,0.73
1567068366478,-1.11,6.44,1.11
1567068366498,-1.42,7.7,0.08
1567068366518,-1.3,9.89,1.07
1567068366538,-1.53,10.15,1.3
1567068366558,-3.03,10.54,1.26
1567068366578,-2.91,11.42,0.84
1567068366598,-1.15,10.46,2.57
1567068366618,0.04,10.69,2.61
1567068366638,2.61,15.6,-2.45
1567068366658,0.04,10.46,-4.45
1567068366678,1.38,9.08,-4.91
1567068366698,0.96,11.07,-5.9
1567068366718,1.53,13.76,-3.26
1567068366738,2.53,16.75,-2.03
1567068366758,0.92,14.64,-1.19
1567068366778,0.11,12.49,-1.76
1567068366798,-0.19,10.73,-2.49
1567068366818,0.27,9.12,-1.92
1567068366838,0.31,7.47,-1.19
1567068366858,-0.19,5.94,-0.77
1567068366878,-0.54,4.68,-1.03
1567068366898,-0.38,3.64,-0.77
1567068366918,-0.34,3.49,-0.73
1567068366938,0.04,3.26,-0.23
1567068366958,0.23,3.6,-0.46
1567068366978,0.38,3.95,0.04
1567068366998,0.42,4.37,0.34
1567068367018,0.38,4.83,0.54
1567068367038,0.19,5.36,0.34
1567068367058,-0.27,6.13,0.15
1567068367078,0.42,8.81,-0.19
1567068367098,1.92,10.96,0.27
1567068367118,3.18,12.15,0.65
1567068367139,3.53,13.3,1.26
1567068367159,2.53,12.49,2.41
1567068367180,-0.31,13.26,2.49
1567068367200,-4.25,17.24,-5.71
1567068367221,-1.69,10.54,-4.1
1567068367241,-1.61,9.77,-10.04
1567068367261,-1.23,11.99,-5.71
1567068367281,-2.49,15.33,-2.26
1567068367301,-1.42,14.06,-1.19
1567068367321,-0.65,12.61,-1.57
1567068367341,-0.15,10.96,-2.38
1567068367361,0.27,8.2,-1.42
1567068367381,0.27,7.63,-1.26
1567068367401,0.19,6.09,-1.61
1567068367421,0.11,5.02,-0.88
1567068367441,-0.31,4.52,-0.84
1567068367461,-0.61,4.68,-0.27
1567068367481,-0.42,5.21,-1.07
1567068367501,0.11,5.13,-0.77
1567068367521,0.19,4.94,-0.34
1567068367541,0.04,5.25,0.08
1567068367561,-0.46,5.79,0.8
1567068367581,-0.54,5.52,1.23
1567068367601,-0.46,5.52,1.69
1567068367621,-0.38,7.05,1.11
1567068367641,-0.73,8.62,1.11
1567068367661,-1.23,9.58,1.8
1567068367681,-2.18,10.08,1.23
1567068367701,-1.88,10.65,0.5
1567068367721,-0.23,10.35,3.22
1567068367742,0.5,11.76,3.49
1567068367762,3.26,16.48,-0.57
1567068367783,-0.08,10.19,-3.1
1567068367803,1.88,8.55,-2.53
1567068367823,0.11,10.23,-10.15
1567068367843,2.18,12.88,-3.22
1567068367863,2.87,18.16,-2.61
1567068367883,1.57,14.1,0.38
1567068367903,0.31,11.92,-0.88
1567068367923,-0.08,10,-0.5
1567068367943,-0.11,8.51,-1
1567068367963,-0.19,6.44,0
1567068367983,-0.42,5.52,-0.42
1567068368003,-0.57,4.41,-0.8
1567068368023,-0.54,3.87,-0.34
1567068368043,-0.38,4.37,-0.73
1567068368064,-0.08,4.6,-0.57
1567068368084,0.31,4.37,-0.61
1567068368105,0.54,4.6,-0.42
1567068368126,0.92,5.4,-0.04
1567068368146,0.92,5.79,0.42
1567068368166,0.88,6.09,0.34
1567068368186,0.73,6.51,0.5
1567068368206,0.5,7.7,0.38
1567068368226,1.03,8.85,0.15
1567068368246,2.26,10.12,0.38
1567068368266,3.14,11.8,0.11
1567068368286,2.57,12.42,1.8
1567068368306,1.23,11.61,3.03
1567068368326,-2.26,12.95,2.57
1567068368346,-2.61,17.59,-3.72
1567068368366,-0.92,10.54,-4.75
1567068368386,-0.92,9.39,-9.5
1567068368406,-1.57,10.81,-6.55
1567068368426,-2.45,15.79,-3.45
1567068368446,-0.57,15.29,-2.38
1567068368466,-0.92,13.07,-2.8
1567068368486,-0.5,10.58,-2.41
1567068368506,-0.23,9.54,-2.45
1567068368526,-0.34,7.89,-1.3
1567068368547,-0.23,6.13,-0.54
1567068368568,-0.04,4.87,-0.23
1567068368589,-0.23,4.48,-0.5
1567068368610,-0.34,4.14,-0.38
1567068368630,-0.42,4.33,-0.31
1567068368651,-0.08,4.79,-0.38
1567068368671,0.08,5.02,0.04
1567068368691,-0.27,5.29,0.46
1567068368712,-0.5,6.13,0.96
1567068368732,-0.57,6.17,1.15
1567068368753,-1.19,6.44,1.15
1567068368773,-0.61,7.86,0.61
1567068368793,-0.31,9.39,1.19
1567068368813,-1.07,9.35,0.8
1567068368834,-2.26,10.38,0.65
1567068368854,-1.15,10.96,2.26
1567068368874,-0.27,10.69,2.68
1567068368895,0.42,11.27,3.07
1567068368915,1.38,15.44,-2.45
1567068368935,-0.23,7.82,-1
1567068368955,1.34,9.58,-5.36
1567068368975,1.49,9.66,-4.18
1567068368995,2.61,14.75,-4.68
1567068369016,3.45,16.67,-1.38
1567068369037,1.61,15.17,-0.31
1567068369057,0.92,12.45,-0.92
1567068369077,0.69,10.61,-1.3
1567068369097,0.31,8.66,-0.96
1567068369117,0.19,6.9,-0.54
1567068369138,-0.15,5.4,-0.38
1567068369158,-0.27,4.68,-0.42
1567068369178,-0.15,3.95,-0.46
1567068369198,-0.04,3.79,-0.46
1567068369218,0.04,3.64,-0.5
1567068369238,0.27,3.76,-0.15
1567068369258,0.19,3.76,-0.38
1567068369278,0.42,4.41,0.27
1567068369298,0.73,5.48,0.57
1567068369318,0.65,6.59,0.54
1567068369338,0.38,7.2,0.11
1567068369358,0.46,8.93,-0.15
1567068369378,1.49,10.65,0.23
1567068369398,2.91,11.57,-0.38
1567068369418,3.79,12.91,0.11
1567068369438,3.03,13.11,1.49
1567068369458,1.88,12.53,2.76
1567068369478,-1.3,12.8,1.95
1567068369498,-4.87,14.68,-3.49
1567068369518,-3.14,10.5,-5.48
1567068369538,-1.19,9.39,-7.82
1567068369558,0,10.15,-7.28
1567068369578,-0.8,12.91,-5.17
1567068369598,-1.03,14.83,-1.76
1567068369618,-0.31,13.34,-1.38
1567068369638,-0.11,11.27,-1.57
1567068369658,0,9.89,-1.92
1567068369678,-0.11,7.97,-1.19
1567068369698,-0.23,6.82,-1.07
1567068369718,-0.11,5.59,-0.46
1567068369738,-0.42,4.48,-0.5
1567068369758,-0.46,4.06,-0.5
1567068369778,-0.34,4.18,-0.34
1567068369798,-0.04,4.37,-0.42
1567068369818,-0.04,4.52,-0.19
1567068369839,-0.34,4.68,0.19
1567068369859,-0.57,4.94,0.92
1567068369879,-0.69,5.56,1.15
1567068369900,-0.92,6.02,1.15
1567068369920,-1.3,7.82,1.3
1567068369940,-1.3,8.81,1.65
1567068369960,-1.34,8.78,0.65
1567068369980,-2.49,9.16,0.57
1567068370000,-2.87,10.65,0.57
1567068370020,-1.19,11.73,2.53
1567068370040,-0.34,11.61,3.07
1567068370060,1.26,12.8,2.11
1567068370080,-0.11,15.25,-4.02
1567068370100,0.92,8.7,-3.22
1567068370121,0.65,9.54,-7.59
1567068370141,1.03,11.19,-4.33
1567068370161,2.91,15.06,-2.87
1567068370181,2.11,14.68,-1.3
1567068370201,0.5,13.95,-1.69
1567068370221,0.04,11.11,-1.26
1567068370241,-0.23,9.43,-1.3
1567068370261,-0.04,8.7,-1.11
1567068370281,-0.19,6.32,-0.92
1567068370301,-0.54,5.36,-0.88
1567068370321,-0.69,4.56,-1.23
1567068370341,-0.5,4.25,-0.84
1567068370361,-0.38,4.29,-0.77
1567068370381,-0.34,4.87,-0.5
1567068370401,-0.19,5.21,-0.19
1567068370421,0.31,5.4,0.54
1567068370441,0.23,5.67,0.73
1567068370461,0.34,5.44,0.69
1567068370481,0.61,5.21,0.65
1567068370501,0.88,5.48,0.23
1567068370521,1.3,6.9,1.26
1567068370541,1.11,9.04,-0.38
1567068370561,2.18,9.89,-0.96
1567068370581,3.18,10.96,1
1567068370601,2.45,12.07,1.34
1567068370621,0.73,11.53,3.41
1567068370641,-2.64,14.1,1.99
1567068370661,-2.68,15.48,-5.02
1567068370681,-1.53,11.3,-9.12
1567068370701,-1.19,9.39,-8.93
1567068370721,-3.53,13.57,-4.79
1567068370741,-2.41,16.71,-0.27
1567068370761,-0.04,15.21,-1.26
1567068370781,-0.38,12.45,-2.38
1567068370801,-0.15,10.38,-2.76
1567068370821,-0.08,8.32,-1.92
1567068370841,-0.38,6.82,-1.34
1567068370861,-0.27,5.67,-0.77
1567068370881,-0.23,4.64,-0.69
1567068370901,-0.42,4.14,-0.88
1567068370921,-0.46,3.87,-0.88
1567068370941,-0.54,3.83,-0.65
1567068370961,-0.46,4.1,-0.5
1567068370981,-0.31,4.45,-0.27
1567068371001,-0.42,4.79,0.42
1567068371021,-0.77,5.86,1.03
1567068371041,-1,6.21,1.8
1567068371062,-1.07,7.43,0.73
1567068371082,-0.54,8.85,0.73
1567068371103,-1.03,9.12,1.03
1567068371123,-2.68,9.81,0.42
1567068371143,-1.57,11.27,1.19
1567068371163,-0.31,11.76,3.33
1567068371183,0.27,12.68,3.56
1567068371204,0.46,16.63,-3.07
1567068371224,-0.46,8.28,-1.61
1567068371244,1.38,10.46,-7.7
1567068371265,1.03,10.58,-4.87
1567068371285,2.61,15.79,-4.25
1567068371305,2.84,17.24,-2.07
1567068371325,1.49,15.33,-0.92
1567068371345,0.73,12.15,-1.15
1567068371365,0.54,10.38,-1.84
1567068371385,0.69,8.93,-0.96
1567068371405,0.54,6.44,-0.84
1567068371426,-0.27,4.6,-0.92
1567068371446,-0.84,3.6,-0.96
1567068371466,-1.26,3.3,-0.8
1567068371486,-0.92,3.49,-0.88
1567068371506,-0.38,3.79,-0.88
1567068371526,0.23,4.02,-0.54
1567068371546,0.54,4.45,-0.34
1567068371567,0.77,4.75,0.96
1567068371587,0.65,5.67,0.96
1567068371607,0.73,6.28,0.69
1567068371627,0.61,7.13,1.3
1567068371647,0.61,8.12,0.15
1567068371668,1.38,9.73,0
1567068371688,2.72,10,0.54
1567068371708,3.07,11.23,0.19
1567068371728,2.68,11.92,1.42
1567068371748,1.3,11.46,2.99
1567068371768,-2.22,13.14,1.84
1567068371788,-3.07,15.63,-4.94
1567068371808,-1.34,9.7,-2.76
1567068371828,-1.84,9.7,-8.81
1567068371848,-1.65,11.8,-5.59
1567068371868,-2.03,14.94,-2.3
1567068371888,-0.69,14.71,-1.92
1567068371908,-0.23,12.72,-1.23
1567068371928,0.34,11.07,-1.34
1567068371948,0.57,9.47,-1.26
1567068371968,0.08,8.2,-1.49
1567068371988,-0.38,7.09,-0.8
1567068372008,-0.8,6.25,-0.46
1567068372028,-0.73,5.4,-0.31
1567068372048,-0.46,4.98,-0.31
1567068372068,-0.27,4.71,-0.54
1567068372089,-0.19,4.87,-0.57
1567068372110,0,5.02,-0.11
1567068372130,-0.38,5.21,-0.19
1567068372151,-1.07,5.52,0.84
1567068372171,-1.3,5.9,0.77
1567068372191,-1.23,6.97,1.49
1567068372211,-0.92,8.01,0.46
1567068372231,-0.65,8.85,1.49
1567068372251,-0.8,9.62,1.42
1567068372271,-1.92,9.89,0.77
1567068372291,-1.99,10.5,0.46
1567068372311,-0.73,10,2.07
1567068372331,0.31,10.54,3.03
1567068372353,2.76,15.94,-1.49
1567068372373,0.31,10.46,-0.5
1567068372393,0.61,11.23,-3.03
1567068372413,0.23,10.19,-5.75
1567068372434,0.77,10.84,-4.22
1567068372455,2.8,15.06,-3.41
1567068372475,2.3,14.37,-0.11
1567068372495,0.57,12.19,-0.65
1567068372515,0,9.73,-0.38
1567068372535,0.38,8.35,-0.38
1567068372555,0.38,6.94,-0.57
1567068372575,0.46,5.33,-0.27
1567068372596,0,5.02,-0.65
1567068372616,-0.27,4.83,-0.5
1567068372636,-0.04,5.21,-0.8
1567068372656,0.23,5.21,-0.65
1567068372676,0.42,5.71,-0.73
1567068372696,0.65,5.75,-0.5
1567068372716,0.96,6.48,0.08
1567068372736,1.07,6.9,0.04
1567068372756,1.23,6.78,1
1567068372776,0.84,7.05,0.96
1567068372796,0.57,7.55,0.77
1567068372816,0.57,8.12,0.46
1567068372836,1.23,8.74,0.38
1567068372856,1.92,9.47,0.19
1567068372876,1.95,10.12,-0.08
1567068372896,1.07,11,1.57
1567068372916,-0.42,11.15,2.45
1567068372936,-3.79,13.45,0.84
1567068372956,-0.61,12.45,-4.48
1567068372976,-0.34,10.88,-5.52
1567068372996,-0.61,11.23,-8.12
1567068373017,-2.41,13.18,-3.26
1567068373037,-0.69,15.86,-0.84
1567068373057,0.31,14.29,-1.46
1567068373078,0.34,12.11,-1.99
1567068373098,0.61,10.15,-1.57
1567068373118,0.38,8.89,-1.34
1567068373138,-0.08,7.93,-1.07
1567068373158,-0.42,6.82,0.08
1567068373178,-0.92,5.63,-0.34
1567068373198,-0.65,5.02,-1.19
1567068373218,-0.34,4.41,-0.61
1567068373238,-0.46,4.48,-1.03
1567068373258,-0.31,5.33,-0.38
1567068373278,-0.57,5.52,-0.15
1567068373298,-0.57,6.13,0.11
1567068373318,-0.92,6.55,0.54
1567068373338,-1,6.74,0.8
1567068373358,-1.23,7.55,0.69
1567068373378,-1.07,8.28,0.96
1567068373398,-0.57,8.51,1
1567068373418,-0.54,8.81,0.96
1567068373438,-1.19,9.47,0.61
1567068373458,-1.57,9.7,0.69
1567068373478,-0.69,9.73,1.3
1567068373498,0.04,9.43,2.03
1567068373518,0.5,9.81,1.65
1567068373538,1.38,13.76,-3.37
1567068373558,-0.5,6.28,-2.07
1567068373578,0.04,8.97,-6.17
1567068373598,0.34,11.23,-3.72
1567068373618,0.61,13.41,-3.33
1567068373638,1.88,16.36,-2.87
1567068373659,1.61,14.41,-0.88
1567068373679,0.84,11.8,-0.92
1567068373701,0.34,10.27,-2.45
1567068373721,0.8,9.62,-2.72
1567068373741,0.84,8.55,-1.19
1567068373761,0.54,7.89,-1.99
1567068373781,0.57,8.28,-1.07
1567068373801,0.27,7.74,-1.65
1567068373821,0.08,7.36,-1.42
1567068373841,0.08,7.24,-1.11
1567068373861,0.04,6.74,-0.77
1567068373881,-0.08,6.48,-0.38
1567068373902,0.27,6.48,-0.88
1567068373922,0.31,6.48,-0.57
1567068373942,0.42,6.74,-0.61
1567068373963,0.77,6.97,-0.54
1567068373983,0.92,7.43,-0.46
1567068374003,1.3,8.09,-0.08
1567068374023,1.19,9.01,0.08
1567068374043,0.57,8.85,-0.15
1567068374063,0.34,8.62,-0.54
1567068374083,0.31,8.32,-0.65
1567068374103,0.5,8.85,-0.19
1567068374123,0.34,9.12,0.31
1567068374143,-0.31,8.74,0.84
1567068374163,-1.23,9.2,0.69
1567068374183,-1.65,9.58,-0.54
1567068374203,-0.88,9.89,-1.07
1567068374223,-0.38,12.11,-1.03
1567068374243,0.38,13.57,-3.95
1567068374263,-0.19,10.27,-2.84
1567068374283,-1.38,10.58,-1.19
1567068374303,-1.49,9.92,-0.61
1567068374323,-1.69,10.65,-1.65
1567068374343,-1.19,10.04,-1.26
1567068374363,-0.88,9.12,-0.96
1567068374383,-1,8.7,-1.03
1567068374403,-1.07,7.74,-1.11
1567068374423,-1.03,7.51,-1.15
1567068374443,-0.96,7.24,-1.07
1567068374463,-1,7.74,-1.15
1567068374484,-1.19,8.09,-1.03
1567068374504,-0.96,8.55,-1.11
1567068374524,-1.03,8.58,-0.77
1567068374545,-1.46,8.78,-0.8
1567068374565,-1.84,9.43,-0.84
1567068374585,-1.72,9.01,-0.5
1567068374605,-1.65,8.89,-0.42
1567068374625,-1.61,8.85,-0.34
1567068374645,-1.57,8.7,-0.19
1567068374665,-1.34,8.74,-0.31
1567068374685,-1.38,8.58,-0.19
1567068374705,-1.34,8.62,0.04
1567068374725,-1.34,8.58,-0.61
1567068374745,-1.15,8.81,0.04
1567068374767,-1.23,8.62,-0.46
1567068374788,-0.57,9.01,-1.15
1567068374808,-0.54,8.78,0.84
1567068374828,-0.96,8.58,-0.54
1567068374848,-0.73,9.31,-0.19
1567068374868,-0.69,8.85,-0.11
1567068374888,-0.73,8.7,-0.04
1567068374908,-0.69,8.58,0.04
1567068374928,-0.61,8.01,0.23
1567068374948,-0.65,8.24,-0.23
1567068374968,-0.38,8.81,0
1567068374988,-0.23,9.27,-0.15
1567068375008,-0.04,9.39,0
1567068375028,0.15,9.08,-0.27
1567068375048,0.27,9.24,-0.31
1567068375068,0.31,8.97,-0.19
1567068375088,0.27,8.97,-0.11
1567068375108,0.19,8.93,-0.23
1567068375128,0.31,8.97,-0.42
1567068375148,0.27,8.85,-0.57
1567068375168,0.34,8.93,-0.57
1567068375188,0.38,9.01,-0.69
1567068375208,0.27,9.12,-0.57
1567068375229,0.31,9.16,-0.54
1567068375249,0.27,9.01,-0.61
1567068375270,0.38,9.08,-0.42
1567068375291,0.27,9.04,-0.77
1567068375311,0.38,8.7,-0.77
1567068375331,0.23,8.55,-1
1567068375353,-0.08,8.7,-1.26
1567068375373,0.27,9.5,-0.23
1567068375393,0.23,8.93,-1.26
1567068375413,0.34,8.93,-0.5
1567068375434,0.27,8.97,-0.8
1567068375454,0.38,8.66,-0.88
1567068375475,0.34,8.81,-0.69
1567068375495,0.27,8.78,-0.61
1567068375515,0.27,8.85,-0.73
1567068375536,0.31,9.12,-0.8
1567068375556,0.19,8.81,-0.5
1567068375576,0.31,8.97,-0.77
1567068375596,0.42,8.89,-0.42
1567068375616,0.46,9.01,-0.5
1567068375636,0.31,9.04,-0.46
1567068375656,0.27,9.08,-0.34
1567068375676,0.11,9.04,-0.5
1567068375696,0.19,8.85,-0.54
1567068375716,0.23,8.93,-0.5
1567068375736,0.34,8.89,-0.46
1567068375756,0.34,8.78,-0.34
1567068375776,0.34,8.97,-0.61
1567068375796,0.34,8.89,-0.5
1567068375816,0.38,9.04,-0.23
1567068375836,0.23,8.58,-0.42
1567068375856,0.31,9.01,-1.42
1567068375876,0.54,9.12,0.23
1567068375896,0.11,8.66,-0.92
1567068375916,0.46,9.54,0
1567068375936,0.31,9.08,-0.5
1567068375956,0.23,8.74,-0.27
1567068375976,0.42,8.97,-0.23
1567068375996,0.34,8.85,-0.31
1567068376016,0.38,8.93,-0.38
1567068376036,0.42,9.04,-0.46
1567068376056,0.38,9.04,-0.38
1567068376076,0.27,9.2,-0.57
1567068376096,0.27,9.04,-0.27
1567068376116,0.31,9.01,-0.23
1567068376136,0.19,8.93,-0.15
1567068376156,0.27,9.04,-0.15
1567068376176,0.15,8.97,-0.11
1567068376196,0.15,9.01,-0.11
1567068376216,0.19,8.85,-0.04
1567068376236,0.11,8.93,-0.23
1567068376256,0.31,8.89,-0.08
1567068376277,0.19,8.89,-0.38
1567068376298,0.19,9.01,-0.38
1567068376318,0.27,8.89,-0.46
1567068376338,0.31,8.85,-0.31
1567068376358,0.15,8.97,-0.08
1567068376378,-0.04,8.66,-0.42
1567068376398,0.19,9.24,-0.88
1567068376418,0.34,8.81,0.54
1567068376438,0.11,9.04,-0.57
1567068376458,0.15,9.12,0.11
1567068376478,0,9.24,-0.27
1567068376498,-0.08,8.97,-0.27
1567068376518,0,9.01,-0.19
1567068376538,0.15,8.85,-0.11
1567068376558,0.19,8.97,-0.19
1567068376578,0.08,8.97,-0.15
1567068376599,0.04,9.08,-0.27
1567068376619,0.08,8.81,-0.19
1567068376639,0.15,8.85,-0.38
1567068376660,0.15,8.89,-0.19
1567068376680,0.23,8.97,-0.31
1567068376700,0.19,9.04,-0.27
1567068376720,0.27,8.93,-0.38
1567068376740,0.08,8.97,-0.46
1567068376760,0.19,9.04,-0.19
1567068376780,0.15,9.01,-0.38
1567068376800,0.11,9.01,-0.42
1567068376820,0.23,8.97,-0.5
1567068376840,0.15,9.01,-0.31
1567068376861,0.23,9.08,-0.38
1567068376881,0.27,8.93,-0.34
1567068376901,0.19,8.89,-0.15
1567068376921,0.08,8.81,-0.65
1567068376941,0.31,9.2,-0.61
1567068376961,0.27,8.66,-0.19
1567068376981,0.08,9.31,-0.88
1567068377001,0.23,9.24,0.15
1567068377021,0.08,9.27,-0.61
1567068377041,0.04,8.81,-0.5
1567068377061,0.23,8.97,-0.23
1567068377081,0.23,8.89,-0.42
1567068377101,0.15,8.97,-0.42
1567068377121,0.19,9.04,-0.34
1567068377141,0.23,9.01,-0.38
1567068377161,0.23,8.81,-0.34
1567068377181,0.11,8.97,-0.31
1567068377201,0,8.85,-0.46
1567068377221,0.15,9.01,-0.34
1567068377241,0.15,8.89,-0.42
1567068377261,0.23,8.81,-0.31
1567068377281,0.27,8.97,-0.31
1567068377301,0.11,8.93,-0.38
1567068377321,0.23,8.97,-0.38
1567068377341,0.23,9.08,-0.31
1567068377361,0.23,8.93,-0.42
1567068377381,0.15,8.97,-0.31
1567068377401,0.23,9.08,-0.34
1567068377421,0.23,8.97,-0.34
1567068377441,0.23,8.89,-0.11
1567068377461,0.15,9.04,-0.42
1567068377481,0.27,8.97,0.08
1567068377501,0.15,9.12,-1.15
1567068377521,0.31,8.51,0.65
1567068377541,0.19,9.08,-0.19
1567068377561,0.08,9.08,-0.57
1567068377581,0.19,8.97,-0.04
1567068377601,0.31,9.04,-0.04
1567068377621,0.19,8.93,-0.38
1567068377641,0.23,8.89,-0.23
1567068377661,0.23,8.93,-0.27
1567068377681,0.08,8.93,-0.19
1567068377701,0.31,8.89,-0.27
1567068377721,0.34,8.97,-0.19
1567068377741,0.31,9.08,-0.15
1567068377761,0.27,8.93,-0.34
1567068377781,0.19,9.01,-0.31
1567068377801,0.27,8.89,-0.42
1567068377821,0.19,9.04,-0.23
1567068377841,0.23,8.93,-0.27
1567068377861,0.23,8.89,-0.42
1567068377881,0.27,8.93,-0.38
1567068377901,0.31,8.93,-0.34
1567068377921,0.34,8.93,-0.42
1567068377941,0.34,8.89,-0.31
1567068377961,0.31,8.93,-0.57
1567068377981,0.34,8.97,-0.5
1567068378001,0.38,9.04,0.19
1567068378021,0.23,8.85,-0.8
1567068378041,0.54,8.81,-0.73
1567068378061,0.34,8.89,0.27
1567068378081,-0.08,8.62,-1.26
1567068378101,0.34,9.12,-0.34
1567068378121,0.27,9.01,-0.5
